23637,CAÑA OMOTO TROUT 1.80,,17.82,43,1,963208541.8,9999,9999
23638,CAÑA OMOTO TROUT 1.95,,18.48,45,1,963208542,9999,9999
23639,CAÑA OMOTO BLACK MAGIC 1.90,,27,65,1,963208551.9,9999,9999
23640,CAÑA OMOTO GREEN RIVER 2.35,,47.61,115,1,963208562.4,9999,9999
23641,CAÑA OMOTO TELECUSTOM 2.40,,17.81,43,1,963208572.4,9999,9999
23642,HILO SUFIX HERCULINE 020MM,,13.35,33,1,26732097125LB,9999,9999
23643,HILO SUFIX HERCULINE 022MM,,13.35,33,1,26732097128LB,9999,9999
23644,HILO SUFIX HERCULINE 024MM,,13.35,33,1,26732097130LB,9999,9999
23645,LINEA MOSCA    SUFIX LEAD CORE 18LB,,25.49,62,1,40632097518LB,9999,9999
23646,LINEA MOSCA    SUFIX LEAD CORE 27LB,,31.9,77,1,40632097527LB,9999,9999
23647,LINEA MOSCA    SUFIX LEAD CORE 36LB,,32.21,78,1,40632097536LB,9999,9999
23648,REEL OMOTO AVLON 3000,,26.49,64,1,6.64E+12,9999,9999
23649,REEL OMOTO AVALON 5000,,29.73,72,1,6.64E+12,9999,9999
23650,REEL OMOTO DST 300HL,,48.8,118,1,664320866OMOT,9999,9999
23651,REEL OMOTO CHIEF 6000 CSM,,98.95,238,1,6.64E+12,9999,9999
23652,REEL OMOTO CERVEZA 103A,,59.5,143,1,664320868103A,9999,9999
23653,REEL RELIX PARAGON 25,,24.53,59,1,6643210080,9999,9999
23654,REEL  RELIX PARAGON 30,,24.66,60,1,6643210080,9999,9999
23655,REEL RELIX EMERALD 750,,21.83,53,1,6.64E+11,9999,9999
23656,CUCHARAS       LUHR-JENSEN DIAMOND KING,,5.91,15,1,156322405DIAM,9999,9999
23657,CUCHARAS       LUHR-JENSEN KROC.1003-058,,5.18,13,1,14282240220GR,9999,9999
23658,CUCHARAS       LUHR-JENSEN KROC.1018-012,,5.52,14,1,15632240612GR,9999,9999
23659,CUCHARAS       LUHR-JENSEN KROC.1018-014,,4.69,12,1,15632240610GR,9999,9999
23660,CUCHARAS       LUHR-JENSEN KROC.1018-034,,6.86,17,1,15632240625GR,9999,9999
23661,CUCHARAS       LUHR-JENSEN KROC.1018-038,,5.27,13,1,15632240615GR,9999,9999
23662,CUCHARAS       LUHR-JENSEN KROC.1018-058,,5.94,15,1,15632240620GR,9999,9999
23663,SEÑUELOS       S.PRO EG-068 MAGIC MINNOW,,6.12,15,1,6983208208.5.,9999,9999
23664,CAÑA           GREY GULL BLACKFLEX 905,,51.52,124,1,96221296905,9999,9999
23665,LEADER         GREY GULL 12 PIES,,1.65,4,1,39732129012FT,9999,9999
23666,LINEA MOSCA    GREY GULL HIGH QUALITY,,12.25,30,1,406321205GULL,9999,9999
23667,LINEA MOSCA    GREY GULL PREMIUM QUALITY,,28.4,69,1,406321206GULL,9999,9999
23668,LINEA MOSCA    GREY GULL PREMIUM DI5/7,,28.4,69,1,406321207GULL,9999,9999
23669,LINEA MOSCA    GREY GULL PREMIUM ST6/7/8,,23.5,57,1,406321208GULL,9999,9999
23670,LINEA MOSCA    GREY GULL DFS300/DFS400,,31.5,76,1,406321209GULL,9999,9999
23671,ACC.PESCA      KIT 8202 ATADO MOSCA,,10.9,27,1,008321142GALA,9999,9999
23672,ACC.PESCA      KIT 8205 ATADO MOSCA,,25.32,61,1,008321143GALA,9999,9999
23673,REEL           GREY GULL GG AL2,,50.96,123,1,6643212865-7.,9999,9999
23674,REEL           GREY GULL SERIE D 6/8,,38.14,92,1,6643212876-8.,9999,9999
23675,REEL           GREY GULL SERIE A 4/6,,83.01,200,1,6643212884-6.,9999,9999
23676,REEL           GREY GULL SERIE A 7/8,,89.42,215,1,6643212887-8.,9999,9999
23677,CARRETE        GREY GULL SERIE A 4/6,,56,135,1,1073212814-6.,9999,9999
23678,CARRETE        GREY GULL SERIE A 7/8,,60.2,145,1,1073212817-8.,9999,9999
23679,REEL           STH MR POP 3.0,,30.84,75,1,664320938STH.,9999,9999
23680,GORRO          DAGO CARIBE C/CUBRE NUCA,,13.19,32,1,212320901DAGO,9999,9999
23681,SOMBRERO       DAGO SAFARI ALA ANCHA,,8.33,20,1,714320902DAGO,9999,9999
23682,CHALECO    VB  RAPALA NEW 22002-1,,57.38,138,1,156320661CXS.,9999,9999
23683,CHALECO    VB  RAPALA NEW 22002-1,,57.38,138,1,156320661M...,9999,9999
23684,CHALECO    VB  RAPALA NEW 22002-1,,57.38,138,1,156320661L...,9999,9999
23685,CHALECO    VB  RAPALA NEW 22002-1,,57.38,138,1,156320661XL..,9999,9999
23686,CUCHILLO       RAPALA FNC6,,13.17,32,1,158320655FNC6,9999,9999
23687,TANZA          SUFIX XL STRONG 0.35 MM,,2.4,6,1,7217209710,9999,9999
23688,LINEA TIPPET   SUPER SUFIX 6X 3.5LBS,,2.76,7,1,400709705SU6X,9999,9999
23689,LINEA TIPPET   SUFIX FLUORO CARBON,,6,15,1,406320981SUFI,9999,9999
23690,CORTAPLUMAS    VICTOR.0.6201 TOMO 5 USOS,,12,29,1,1.48E+12,9999,9999
23691,CORTAPLUMAS    VICTOR.1.7725.J09 CYBERT.,,126.71,305,1,1.48E+12,9999,9999
23692,BRUJULA        RECTA DT-100 SH 360º,,13.85,34,1,065315060-100,9999,9999
23693,BINOCULARES    TASCO ES1632 16X32 ESSEN.,,46.71,112,1,4.23E+11,9999,9999
23694,BINOCULARES    TASCO 2001BRZ 7X35 ESSEN.,,44.01,105,1,0423150127X35,9999,9999
23695,LINTERNA       MAGLITE ST2D016 2D REBEL,,54.2,130,1,408317118MAGL,9999,9999
23696,LINTERNA       MAGLITE ST3D016 3D REBEL,,55.81,134,1,408317119MAGL,9999,9999
23697,LLAVERO        VICTORINOX 4.1858 ACERO,,10.24,25,1,4.22E+12,9999,9999
23698,ENCENDEDOR     ZIPPO 28223,,14.68,36,1,1.70E+12,9999,9999
23699,ENCENDEDOR     ZIPPO 28335,,27.1,65,1,1.70E+12,9999,9999
23700,ENCENDEDOR     ZIPPO 28447,,28.21,68,1,170322833M233,9999,9999
23701,ENCENDEDOR     ZIPPO 28610,,33.31,80,1,1.70E+12,9999,9999
23702,ANTEOJOS       RUSTY BEE,,424,1050,1,012304008BEE.,9999,9999
23703,ANTEOJOS       RUSTY NUDIST POLARIZED,,338,820,1,012304007NUDP,9999,9999
23704,ANTEOJOS       RUSTY GARDEN,,423,1024,1,012304009GARD,9999,9999
23705,ANTEOJOS       RUSTY DOLLS,,290,720,1,012304010DOLL,9999,9999
23706,ANTEOJOS       RUSTY POMS,,424,1050,1,012304011POMS,9999,9999
23707,ANTEOJOS       RUSTY CLOTH,,424,1050,1,012304012CLOT,9999,9999
23708,ANTEOJOS       RUSTY EXILE,,290,720,1,012304013EXIL,9999,9999
23709,ANTEOJOS       RUSTY JACKY,,290,720,1,012304014JACK,9999,9999
23710,ANTEOJOS       RUSTY MARILYN,,290,720,1,012304015MARI,9999,9999
23711,ACC.PESCA      ESMERILLON ROSCO C/MOSQX5,,7.54,20,1,0083203051-6.,9999,9999
23712,ACC.PESCA      ESMERILLON ROSCO C/MOSQX5,,11.89,30,1,0083203062-7.,9999,9999
23713,SANDALIA       TIMBERL NEKKOL LADY,,566.7,1190,1,6963017015.0.,9999,9999
23714,SANDALIA       TIMBERL NEKKOL LADY,,566.7,1190,1,6963017019.0.,9999,9999
23715,HELADERA       LYF CAMPING MOCHILA,,125,275,1,265300801LYF.,9999,9999
23716,SILLON         DOITE DIREC.BASIN ACERO,,325.92,795,1,7.08E+12,9999,9999
23717,MOCHILA        OUTSIDE YAK 50,,1426,3100,1,46430200650LT,9999,9999
23718,CARPA          DOITE EVEREST,,4696.82,10350,1,1053155342PAX,9999,9999
23719,CARPA          DOITE YOSEMITE XR 5 PAX,,2764.33,6100,1,1053155355PAX,9999,9999
23720,MOCHILA        DOITE PRO MINARET 50LTS,,1416.08,3120,1,46431555250LT,9999,9999
23721,MOCHILA        DOITE TANGANIKA 80 LTS,,1809.35,3980,1,46431556680LT,9999,9999
23722,CARPA          DOITE HIGHLAND ALU.2 PAX,,2133.71,4695,1,1053155672PAX,9999,9999
23723,ACC.CAMPING    ESTACAS DOITE PLAST.X6,,50.89,130,1,83155118810,9999,9999
23724,MOCHILA        DOITE ANNAPURNA M.6696,,1994.73,4395,1,46431550460LT,9999,9999
23725,GORROS     I   NATWAY 008,,89.12,195,1,2.35E+11,9999,9999
23726,REEL           KUNNAN HART 3007,,438,970,1,6.64E+12,9999,9999
23727,REEL           KUNNAN HART 4007,,459,995,1,6.64E+12,9999,9999
23728,BOLSA DE DORMIR DOITE FREEDOM M.3366,,1930.09,4250,1,048315501-15.,9999,9999
23729,BOLSA DE DORMIR DOITE CYNAMON M.3361,,1190.42,2595,1,048315502-3..,9999,9999
23730,MOCHILA        DOITE LIRCAY 70 LTS,,1787.23,3950,1,46431557270LT,9999,9999
23731,REMERA         THERMOS.NEO.KAYAK WS0404,,46,111,1,671322202CXS.,9999,9999
23732,REMERA         THERMOS.NEO.KAYAK WS0404,,46,111,1,671322202M...,9999,9999
23733,REMERA         THERMOS.NEO.KAYAK WS0404,,46,111,1,671322202L...,9999,9999
23734,REMERA         THERMOS.NEO.KAYAK WS0404,,46,111,1,671322202XL..,9999,9999
23735,CALZA          THERMOS.DRYSKIN WS0796M,,33,80,1,082322205CXS.,9999,9999
23736,CALZA          THERMOS.DRYSKIN WS0796M,,33,80,1,082322205M...,9999,9999
23737,CALZA          THERMOS.DRYSKIN WS0796M,,33,80,1,082322205L...,9999,9999
23738,CALZA          THERMOS.DRYSKIN WS0796M,,33,80,1,082322205XL..,9999,9999
23739,SALVAVIDAS     THERMOS.KAYAK WS0887,,50.4,121,1,695322203CXS.,9999,9999
23740,SALVAVIDAS     THERMOS.KAYAK WS0887,,50.4,121,1,695322203M...,9999,9999
23741,SALVAVIDAS     THERMOS.KAYAK WS0887,,50.4,121,1,695322203L...,9999,9999
23742,SALVAVIDAS     THERMOS.KAYAK WS0887,,50.4,121,1,695322203XL..,9999,9999
23743,ANTEOJOS       RUSTY TETE,,424,1050,1,012304012TETE,9999,9999
23744,SANDALIA       HIPPO SOFT YACHT,,125,275,1,69630502033,9999,9999
23745,SANDALIA       HIPPO SOFT YACHT,,125,275,1,69630502034,9999,9999
23746,LINTERNA       WATER TACTICAL MINERO,,139,295,1,407312001H001,9999,9999
23747,LINTERNA        WATER TACTICAL MULTIFUN.,,139,295,1,407312002T006,9999,9999
23748,MANTAS         WATER DE EMERGENCIA 01,,38,85,1,437312001WATE,9999,9999
23749,ACC.CAMPING    WATER REP.INSECTOS MREO01,,266.42,595,1,008312035WATE,9999,9999
23750,BODYBOARD      BODYGLOVE METHOD 37,,270,649,1,4330650737,9999,9999
23751,REMERA LYC     SHOCK'N BLUE PRINT,,110,297,1,671306536CXS.,9999,9999
23752,REMERA LYC     SHOCK'N BLUE PRINT,,110,297,1,671306536M...,9999,9999
23753,REMERA LYC     SHOCK'N BLUE PRINT,,110,297,1,671306536L...,9999,9999
23754,REMERA LYC     SHOCK'N BLUE PRINT,,110,297,1,671306536XL..,9999,9999
23755,REMERA LYC     SHOCK'N BLUE PRINT KIDS,,89,242,1,671306576T.4.,9999,9999
23756,REMERA LYC     SHOCK'N BLUE PRINT KIDS,,89,242,1,671306576T.6.,9999,9999
23757,REMERA LYC     SHOCK'N BLUE PRINT KIDS,,89,242,1,671306576T.8.,9999,9999
23758,REMERA LYC     SHOCK'N BLUE PRINT KIDS,,89,242,1,671306576T.10,9999,9999
23759,ROLLER         SHOCK'N SPIN REG.36-39,,426,1095,1,682306557M...,9999,9999
23760,ROLLER         SHOCK'N SPIN REG.40-43,,426,1095,1,682306557L...,9999,9999
23761,ROLLER         SHOCK'N CRASH REG.35-38,,399,1045,1,682306558M...,9999,9999
23762,ROLLER         SHOCK'N CRASH REG.39-42,,399,1045,1,682306558L...,9999,9999
23763,ROLLER         SHOCK'N RUEDAS 80MM,,63,165,1,68230655880MM,9999,9999
23764,ROLLER         SHOCK'N SET PROTECCION,,132,352,1,6.82E+12,9999,9999
23765,CASCO          SHOCK'N BLUE P/ROLLERS,,132,352,1,112306550CXS.,9999,9999
23766,CASCO          SHOCK'N BLUE P/ROLLERS,,132,352,1,112306550M...,9999,9999
23767,CASCO          SHOCK'N BLUE P/ROLLERS,,132,352,1,112306550L...,9999,9999
23768,CASCO          SHOCK'N BLUE P/ROLLERS,,132,352,1,112306550XL..,9999,9999
23769,ACC.NAUTICO    PITA BG A BO BICEP,,84,215,1,63065013206,9999,9999
23770,TRAJE DE AGUA  BODY GLOVE SPRINT M/C 2/2,,622,1507,1,738106501XXL.,9999,9999
23771,ACC.CAMPING    ESTACAS EN U,,2.6,6,1,008317559X1UN,9999,9999
23772,CANOA          ATLANTI KAYAK ANGLERS,,5210,8520,1,0923245581PAX,9999,9999
23773,CANOA          ATLANTI KAYAK SIMPLO,,2110,3450,1,0923245571PAX,9999,9999
23774,MOCHILA        OUTSIDE EAGLE CREEK 30LTS,,676,1480,1,46430200130LT,9999,9999
23775,CAMPERA    B   OUTSIDE VADEO ULTREX TRI.,,1555,3695,1,090302039CXS.,9999,9999
23776,CAMPERA    B   OUTSIDE VADEO ULTREX TRI.,,1555,3695,1,090302039M...,9999,9999
23777,CAMPERA    B   OUTSIDE VADEO ULTREX TRI.,,1555,3695,1,090302039L...,9999,9999
23778,CAMPERA    B   OUTSIDE VADEO ULTREX TRI.,,1555,3695,1,090302039XL..,9999,9999
23779,CAMPERA    B   OUTSIDE VADEO ULTREX TRI.,,1555,3695,1,090302039XXL.,9999,9999
23780,BOLSA DE AGUA  PLATYPUS 2 LTS.,,152.4,374,1,0463020502LT.,9999,9999
23781,SALVAVIDAS     A-F 2023 PRO-KAYAK T.2.,,251.04,595,1,695317476T.2.,9999,9999
23782,SALVAVIDAS     A-F 2024 PRO-KAYAK T.4.,,270.05,650,1,695317476T.4.,9999,9999
23783,SALVAVIDAS     A-F 2025 PRO-KAYAK T.6.,,283.94,695,1,695317476T.6.,9999,9999
23784,SANDALIAS      TIMBERL TRAILWIND 2.0,,566.7,1190,1,6963017417.0.,9999,9999
23785,SANDALIAS      TIMBERL TRAILWIND 2.0,,566.7,1190,1,6963017418.0.,9999,9999
23786,SANDALIAS      TIMBERL TRAILWIND 2.0,,566.7,1190,1,6963017419.0.,9999,9999
23787,SANDALIAS      TIMBERL TRAILWIND 2.0,,566.7,1190,1,69630174110,9999,9999
23788,SANDALIAS      TIMBERL TRAILWIND 2.0,,566.7,1190,1,69630174111,9999,9999
23789,SANDALIAS      TIMBERL TRAILWIND 2.0,,566.7,1190,1,69630174112,9999,9999
23790,BOTA HIKING B  TIMBERL OSSIPEE 2.0 GTX,,949.33,1995,1,0603017478.5.,9999,9999
23791,BOTA HIKING B  TIMBERL OSSIPEE 2.0 GTX,,949.33,1995,1,0603017479.0.,9999,9999
23792,BOTA HIKING B  TIMBERL OSSIPEE 2.0 GTX,,949.33,1995,1,0603017479.5.,9999,9999
23793,BOTA HIKING B  TIMBERL OSSIPEE 2.0 GTX,,949.33,1995,1,6030174710,9999,9999
23794,BOTA HIKING B  TIMBERL OSSIPEE 2.0 GTX,,949.33,1995,1,6030174711,9999,9999
23795,BOTA HIKING B  TIMBERL OSSIPEE 2.0 GTX,,949.33,1995,1,6030174711,9999,9999
23796,BOTA HIKING B  TIMBERL OSSIPEE 2.0 GTX,,949.33,1995,1,6030174712,9999,9999
23797,BOTA HIKING B  TIMBERL OSSIPEE 2.0 GTX,,949.33,1995,1,6030174712,9999,9999
23798,LINTERNA       DOITE PLUTON FRONTAL 4662,,151.89,340,1,4.08E+12,9999,9999
23799,SOMBRILLA      WATER DLX 2008,,297,650,1,7173120052,9999,9999
23800,LINTERNA       DOITE FOCUS PLUS M.4693,,330.15,730,1,4.08E+12,9999,9999
23801,BOTE           SEVY KAYAK K5 QUIKPAK,,4313.06,10100,1,062305743S153,9999,9999
23802,CAÑA           MITCHELL PREMIUM II TELE,,180,430,1,962204612.1,9999,9999
23803,REEL           PENN SARGUS SG2000,,877.78,2120,1,664312456P999,9999,9999
23804,REEL           MITCHELL AV.SILVER 3 1000,,438.02,1070,1,6.64E+12,9999,9999
23805,REEL           MITCHELL AV.SILVER 3 4000,,486.26,1180,1,6.64E+12,9999,9999
23806,REEL           MITCHELL AV.SILVER 3 6000,,452.22,1100,1,6.64E+12,9999,9999
23807,REEL           MITCHELL BRONZE 3 2000,,227.7,550,1,6.64E+12,9999,9999
23808,REEL           MITCHELL BRONZE 3 4000,,293.02,720,1,6.64E+12,9999,9999
23809,REEL           MITCHELL BRONZE 3 1000,,207.2,495,1,6.64E+12,9999,9999
23810,REEL           MITCHELL AV.GOLD 3 2000,,645.28,1560,1,6.64E+12,9999,9999
23811,REEL           PFLUEGER CRITERION BAIT,,592.5,1420,1,664320420R281,9999,9999
23812,REEL           PENN FIERCE 4000 SPIN,,769.67,1860,1,664312457P182,9999,9999
23813,SALVAVIDAS     PRO FISH PESCADOR 2123,,189.54,460,1,695225501T.3.,9999,9999
23814,SALVAVIDAS     A-F 2026 PRO KAYAK T.8.,,301.75,740,1,695317476T.8.,9999,9999
23815,SALVAVIDAS     A-F 2027 PRO KAYAK T.10,,309.89,750,1,695317476T.10,9999,9999
23816,SALVAVIDAS     A-F 2028 PRO KAYAK T.12,,323.63,760,1,695317476T.12,9999,9999
23817,BOLSO          A-F ESTANCO MARINE 46X80,,184.56,430,1,4.63E+11,9999,9999
23818,VOUCHERS ASHIWEA,,0,100,1,2,9999,9999
23819,CALZA          THERMOS.DRYSKIN WS0796,,33,80,1,076822201BXS.,9999,9999
23820,CALZA          THERMOS.DRYSKIN WS0796M,,33,80,1,082322205BXS.,9999,9999
23821,ANTEOJOS       RUSTY KELLY,,300,750,1,012704070KELL,9999,9999
23822,BOTA HIKING B  TIMBERL SUMMITSCAPE GTX,,853.33,1795,1,0603017487.5.,9999,9999
23823,BOTA HIKING B  TIMBERL SUMMITSCAPE GTX,,853.33,1795,1,0603017488.0.,9999,9999
23824,BOTA HIKING B  TIMBERL SUMMITSCAPE GTX,,853.33,1795,1,0603017488.5.,9999,9999
23825,BOTA HIKING B  TIMBERL SUMMITSCAPE GTX,,853.33,1795,1,0603017489.0.,9999,9999
23826,BOTA HIKING B  TIMBERL SUMMITSCAPE GTX,,853.33,1795,1,0603017489.5.,9999,9999
23827,BOTA HIKING B  TIMBERL SUMMITSCAPE GTX,,853.33,1795,1,6030174810,9999,9999
23828,BOTA HIKING B  TIMBERL SUMMITSCAPE GTX,,853.33,1795,1,6030174811,9999,9999
23829,BOTA HIKING B  TIMBERL SUMMITSCAPE GTX,,853.33,1795,1,6030174811,9999,9999
23830,BOTA HIKING B  TIMBERL SUMMITSCAPE GTX,,853.33,1795,1,6030174812,9999,9999
23831,BOTA HIKING B  TIMBERL SUMMITSCAPE GTX,,853.33,1795,1,6030174812,9999,9999
23832,BOTA HIKING A  TIMBERL CARRIGAN NOTCH WP,,773.34,1630,1,0603017085.0.,9999,9999
23833,BOTA HIKING A  TIMBERL CARRIGAN NOTCH WP,,773.34,1630,1,0603017085.5.,9999,9999
23834,BOTA HIKING A  TIMBERL CARRIGAN NOTCH WP,,773.34,1630,1,0603017086.0.,9999,9999
23835,BOTA HIKING A  TIMBERL CARRIGAN NOTCH WP,,773.34,1630,1,0603017086.5.,9999,9999
23836,BOTA HIKING A  TIMBERL CARRIGAN NOTCH WP,,773.34,1630,1,0603017087.0.,9999,9999
23837,BOTA HIKING A  TIMBERL CARRIGAN NOTCH WP,,773.34,1630,1,0603017087.5.,9999,9999
23838,BOTA HIKING A  TIMBERL CARRIGAN NOTCH WP,,773.34,1630,1,0603017088.0.,9999,9999
23839,BOTA HIKING A  TIMBERL CARRIGAN NOTCH WP,,773.34,1630,1,0603017088.5.,9999,9999
23840,BOTA HIKING A  TIMBERL CARRIGAN NOTCH WP,,773.34,1630,1,0603017089.0.,9999,9999
23841,BOTA HIKING A  TIMBERL GANNON GTX,,954.67,1995,1,0603017095.0.,9999,9999
23842,BOTA HIKING A  TIMBERL GANNON GTX,,954.67,1995,1,0603017095.5.,9999,9999
23843,BOTA HIKING A  TIMBERL GANNON GTX,,954.67,1995,1,0603017096.0.,9999,9999
23844,BOTA HIKING A  TIMBERL GANNON GTX,,954.67,1995,1,0603017096.5.,9999,9999
23845,BOTA HIKING A  TIMBERL GANNON GTX,,954.67,1995,1,0603017097.0.,9999,9999
23846,BOTA HIKING A  TIMBERL GANNON GTX,,954.67,1995,1,0603017097.5.,9999,9999
23847,BOTA HIKING A  TIMBERL GANNON GTX,,954.67,1995,1,0603017098.0.,9999,9999
23848,BOTA HIKING A  TIMBERL GANNON GTX,,954.67,1995,1,0603017098.5.,9999,9999
23849,BOTA HIKING A  TIMBERL GANNON GTX,,954.67,1995,1,0603017099.0.,9999,9999
23850,BOTA HIKING A  TIMBERL CANARD RESORT,,1061.33,2195,1,0603017106.5.,9999,9999
23851,BOTA HIKING A  TIMBERL CANARD RESORT,,1061.33,2195,1,0603017107.0.,9999,9999
23852,BOTA HIKING A  TIMBERL CANARD RESORT,,1061.33,2195,1,0603017107.5.,9999,9999
23853,BOTA HIKING A  TIMBERL CANARD RESORT,,1061.33,2195,1,0603017108.0.,9999,9999
23854,BOTA HIKING A  TIMBERL CANARD RESORT,,1061.33,2195,1,0603017108.5.,9999,9999
23855,BOTA HIKING A  TIMBERL CANARD RESORT,,1061.33,2195,1,0603017109.0.,9999,9999
23856,ANTEOJOS       RUSTY CAKE,,300,750,1,012304016CAKE,9999,9999
23857,BOLSO PESCA    KUNNAN KFLY0103,,841.63,1850,1,4.63E+11,9999,9999
23858,BOLSO PESCA    KUNNAN KFLY 0113,,617.07,1360,1,4.63E+11,9999,9999
23859,BOLSO PESCA    KUNNAN KFLY 0114,,456.28,995,1,4.63E+11,9999,9999
23860,BOLSO PESCA    KUNNAN KFLY 0104,,715.99,1580,1,4.63E+11,9999,9999
23861,RED COPO       KUNNAN LNK 123,,301,660,1,658312253L123,9999,9999
23862,ACC.PESCA      ESMERILLON C/RULE.ESMR2,,323.61,720,1,008312024ESM2,9999,9999
23863,ACC.PESCA      ESMERILLON C/RULE.ESMR3,,353.22,780,1,008312024ESM3,9999,9999
23864,ACC.PESCA      ESMERILLON C/RULE.ESMR4,,383.36,850,1,008312024ESM4,9999,9999
23865,GORROS     V   NATWAY 154,,44.28,95,1,2.12E+11,9999,9999
23866,PIN            KUNNAN PIN 002 K,,49,110,1,597312202002K,9999,9999
23867,REEL           KUNNAN HART 2007,,423,930,1,6.64E+12,9999,9999
23868,CUCHARAS       WATER FZET SPOON FZ30,,22.41,50,1,156312052FZ30,9999,9999
23869,CUCHARAS       WATER TOBIX SPOON TSS12,,232.23,495,1,15631205312GR,9999,9999
23870,CUCHARAS       WATER TOBIX SPOON TSS18,,240.25,530,1,15631205318GR,9999,9999
23871,CUCHARAS       WATER TOBIX SPOON TSS28,,12.33,25,1,15631205328GR,9999,9999
23872,CUCHARAS       WATE SAUSAGE SLICE SS20,,40.37,90,1,156312054SS20,9999,9999
23873,CUCHARAS       WATE SAUSAGE SLICE SS25,,37.79,85,1,156312054SS25,9999,9999
23874,CUCHARAS       WATE SAUSAGE SLICE SS30,,49.13,120,1,156312054SS30,9999,9999
23875,CUCHARAS       WATE SPIDER VS2-PG,,23.73,50,1,156312056VS2.,9999,9999
23876,CUCHARAS       WATE SAUSAGE SLICE LONG,,29.91,65,1,156312055SL20,9999,9999
23877,SEÑUELOS       STORM WLRT03,,6.37,16,1,69822077812GR,9999,9999
23878,REEL           GREY GULL SERIE D 4/6,,35.26,85,1,6643212874-6.,9999,9999
23879,CUCHARAS       WATE SET SPINNER/BELL N.4,,712.31,1570,1,156312057N.4.,9999,9999
23880,CUCHARAS       WATE SET SPINNER/BELL N.5,,952.03,2100,1,156312057N.5.,9999,9999
23881,CUCHARAS       BLUE FOX BFDSV3 DEEP,,4.37,11,1,1563210578GRS,9999,9999
23882,CUCHARAS       BLUE FOX BFGVS2GL,,4.42,11,1,1563210586GRS,9999,9999
23883,PINZA          RAPALA RSSP6 PUNTA ACERO,,21.73,53,1,601320651RAPA,9999,9999
23884,PINZA          RAPALA RSSP8 PUNTA ACERO,,26.36,64,1,601320652RAPA,9999,9999
23885,REEL           RELIX X-SERIES 2000,,31.54,76,1,6.64E+12,9999,9999
23886,CUCHARAS       WEMPS ECO GIRATORIA,,6.33,15,1,156320651WEMP,9999,9999
23887,CAMISA     B   RAPALA 22201-2,,36.82,89,1,085320651CXS.,9999,9999
23888,CAMISA     B   RAPALA 22201-2,,36.82,89,1,085320651M...,9999,9999
23889,CAMISA     B   RAPALA 22201-2,,36.82,89,1,085320651L...,9999,9999
23890,CAMISA     B   RAPALA 22201-2,,36.82,89,1,085320651XL..,9999,9999
23891,CAMISA     B   RAPALA 22201-2,,36.82,89,1,085320651XXL.,9999,9999
23892,ACC.PESCA      TIJERA SUFIX MULTIFILAMEN,,3.92,10,1,008320971SUFI,9999,9999
23893,PINZA          RAPALA RCPLR6 DE PUNTA,,42.81,103,1,601320653RAPA,9999,9999
23894,PINZA          RAPALA RCPLR8 DE PUNTA,,46.67,113,1,601320654RAPA,9999,9999
23895,CAÑA           GREY GULL HIGH 906 4,,74.75,180,1,096321293MOSC,9999,9999
23896,CAÑA           GREY GULL HIGH 908 4,,83.88,202,1,096321294MOSC,9999,9999
23897,CARRETE        GREY GULL SERIE D 4-6,,45.36,109,1,1073212844-6.,9999,9999
23898,CARRETE        GREY GULL SERIE D 6-8,,50.96,123,1,1073212847-8.,9999,9999
23899,CUCHARAS       BLUE FOX BFMSV2 MINNOW,,4.42,11,1,1077210659GRS,9999,9999
23900,CHALECO    VB  RAPALA NEW 22002-1,,57.38,138,1,156320661XXL.,9999,9999
23901,REEL           EAGLE CLAW FEATHER LIGTH,,238.46,580,1,66422045050..,9999,9999
23902,REEL           COUGAR KILLER 201,,87.6,220,1,6.64E+11,9999,9999
23903,REEL           COUGAR KILLER 201,,93.05,230,1,6.64E+11,9999,9999
23904,CAÑA           COUGAR QUF 2704 L6 FLY,,484.76,1170,1,096320344L6..,9999,9999
23905,CAÑA           COUGAR QUF 2704 L7 FLY,,497.69,1195,1,096320344L7..,9999,9999
23906,CAÑA           COUGAR QUF 2704 L8 FLY,,509.04,1220,1,096320344L8..,9999,9999
23907,CAÑA           COUGAR MXF PAINT TEL.1803,,117.88,285,1,9.63E+11,9999,9999
23908,CAÑA           COUGAR MXF PAINT TEL.1953,,119.47,295,1,9.63E+11,9999,9999
23909,CAÑA           COUGAR MXF PAINT TEL.2103,,128.55,320,1,9.63E+11,9999,9999
23910,CAÑA           COUGAR WIT FV+GR 1802,,123.64,295,1,9.63E+11,9999,9999
23911,CAÑA           COUGAR WIT FV+GR 1953,,130.81,320,1,9.63E+11,9999,9999
23912,CAÑA           COUGAR WIT FV+GR 2103,,137.31,330,1,9.63E+11,9999,9999
23913,ACC.PESCA      ESM.BARREL C/MOSQ.1-6,,0.98,3,1,0083203071-6.,9999,9999
23914,ACC.PESCA      ESM.BARREL C/MOSQ.1/0-6,,1.1,3,1,0083203081/06,9999,9999
23915,ACC.PESCA      ESM.BARREL C/MOSQ.2/0-7,,1.41,4,1,0083203092/07,9999,9999
23916,SEÑUELOS       HI LURE RIDER 100MM,,13,35,1,698320316100M,9999,9999
23917,CUCHARAS       HI LURE BLUE PIKE 5416-09,,7.17,18,1,15632031210GR,9999,9999
23918,CUCHARAS       HI LURE METEOR 5411-10,,7.48,18,1,15632031310GR,9999,9999
23919,CUCHARAS       HI LURE ROWELL 5424-09,,6.62,18,1,1563203149GR.,9999,9999
23920,CUCHARAS       HI LURE ROWELL 5424-13,,7.85,20,1,15632031413GR,9999,9999
23921,CUCHARAS       HI LURE DEEP FIT 5428-12,,8.09,20,1,15632031612GR,9999,9999
23922,CUCHARAS       HI LURE WILD 5505-23,,11.83,30,1,15632031723GR,9999,9999
23923,CUCHARAS       HI LURE SPIRIT 5519-16,,8.89,22,1,15632031816GR,9999,9999
23924,CUCHARAS       HI LURE MIXTER 5521-21,,9.81,25,1,15632031921GR,9999,9999
23925,CUCHARAS       HI LURE IRON 5533-21,,10.3,25,1,15632032121GR,9999,9999
23926,CUCHARAS       HI LURE KUCLER LONG,,16.8,40,1,15632032220GR,9999,9999
23927,WADERS         COUGAR RESPIRABLE 6002,,981.54,2360,1,835320311CXS.,9999,9999
23928,WADERS         COUGAR RESPIRABLE 6002,,981.54,2360,1,835320311M...,9999,9999
23929,WADERS         COUGAR RESPIRABLE 6002,,981.54,2360,1,835320311L...,9999,9999
23930,WADERS         COUGAR RESPIRABLE 6002,,981.54,2360,1,835320311XL..,9999,9999
23931,CUCHARAS       HI LURE KUCLER LONG,,18.45,45,1,15632032230GR,9999,9999
23932,CUCHARAS       HI LURE BRICK 5544-20,,9.38,22,1,15632032320GR,9999,9999
23933,CORTAPLUMAS    VICTOR.0.3303 WAITER,,15.18,37,1,1.48E+12,9999,9999
23934,ENCENDEDOR     ZIPPO 28021,,24.4,59,1,1.70E+12,9999,9999
23935,ENCENDEDOR     ZIPPO 28052,,20.31,49,1,1.70E+12,9999,9999
23936,ENCENDEDOR     ZIPPO 28230,,25.82,62,1,1.70E+12,9999,9999
23937,BOTA HIKING J  HUSH PUPPIES DENVER,,213.74,470,1,6032537019,9999,9999
23938,BOTA HIKING J  HUSH PUPPIES DENVER,,213.74,470,1,6032537020,9999,9999
23939,BOTA HIKING J  HUSH PUPPIES DENVER,,213.74,470,1,6032537021,9999,9999
23940,BOTA HIKING J  HUSH PUPPIES DENVER,,213.74,470,1,6032537022,9999,9999
23941,BOTA HIKING J  HUSH PUPPIES DENVER,,213.74,470,1,6032537023,9999,9999
23942,BOTA HIKING J  HUSH PUPPIES DENVER,,213.74,470,1,6032537024,9999,9999
23943,BOTA HIKING J  HUSH PUPPIES DENVER,,213.74,470,1,6032537025,9999,9999
23944,BOTA HIKING A  HUSH PUPPIES ARAX,,524.4,1150,1,6032530335,9999,9999
23945,BOTA HIKING A  HUSH PUPPIES ARAX,,524.4,1150,1,6032530336,9999,9999
23946,BOTA HIKING A  HUSH PUPPIES ARAX,,524.4,1150,1,6032530337,9999,9999
23947,BOTA HIKING A  HUSH PUPPIES ARAX,,524.4,1150,1,6032530338,9999,9999
23948,BOTA HIKING A  HUSH PUPPIES ARAX,,524.4,1150,1,6032530339,9999,9999
23949,BOTA HIKING A  HUSH PUPPIES ARAX,,524.4,1150,1,6032530340,9999,9999
23950,BOTA HIKING A  ASOLO STYNGER GTX,,169,355,2,0607088043.5.,9999,9999
23951,BOTA HIKING A  ASOLO STYNGER GTX,,169,355,2,0607088044.0.,9999,9999
23952,BOTA HIKING A  ASOLO STYNGER GTX,,169,355,2,0607088044.5.,9999,9999
23953,BOTA HIKING B  ASOLO FUGITIVE GTX,,178,374,2,0606088266.0.,9999,9999
23954,BOTA HIKING B  ASOLO FUGITIVE GTX,,178,374,2,0606088266.5.,9999,9999
23955,BOTA HIKING B  ASOLO FUGITIVE GTX,,178,374,2,0606088267.0.,9999,9999
23956,BOTA HIKING B  ASOLO FUGITIVE GTX,,178,374,2,0606088267.5.,9999,9999
23957,BOTA HIKING B  ASOLO FUGITIVE GTX,,178,374,2,6060882613,9999,9999
23958,BOTA HIKING B  ASOLO SPYRE GV,,159,333,2,0600088367.5.,9999,9999
23959,SKI.R          R.ALIAS LTD + AXM 100,,301,900,3,7103132182,9999,9999
23960,SKI.R          R.ALIAS LTD + AXM 100,,301,900,3,7103132182,9999,9999
23961,SKI.R          R.ALIAS ZIP+ZIP 100L,,257,750,3,7101131962,9999,9999
23962,BOTA HIKING J  HUSH PUPPIES SHIMMER,,235.75,520,1,6032537128,9999,9999
23963,BOTA HIKING J  HUSH PUPPIES SHIMMER,,235.75,520,1,6032537129,9999,9999
23964,BOTA HIKING J  HUSH PUPPIES SHIMMER,,235.75,520,1,6032537130,9999,9999
23965,BOTA HIKING J  HUSH PUPPIES SHIMMER,,235.75,520,1,6032537131,9999,9999
23966,BOTA HIKING J  HUSH PUPPIES SHIMMER,,235.75,520,1,6032537132,9999,9999
23967,BOTA HIKING J  HUSH PUPPIES SHIMMER,,235.75,520,1,6032537133,9999,9999
23968,BOTA HIKING J  HUSH PUPPIES SHIMMER,,235.75,520,1,6032537134,9999,9999
23969,BOTA HIKING J  HUSH PUPPIES SHIMMER,,235.75,520,1,6032537135,9999,9999
23970,BOTA HIKING J  HUSH PUPPIES SHIMMER,,235.75,520,1,6032537136,9999,9999
23971,BOTA HIKING J  HUSH PUPPIES SHIMMER,,235.75,520,1,6032537137,9999,9999
23972,BOTA HIKING J  HUSH PUPPIES SHIMMER,,235.75,520,1,6032537138,9999,9999
23973,BOTA HIKING J  HUSH PUPPIES RIGGS,,295.5,795,1,6032537228,9999,9999
23974,BOTA HIKING J  HUSH PUPPIES RIGGS,,295.5,795,1,6032537229,9999,9999
23975,BOTA HIKING J  HUSH PUPPIES RIGGS,,295.5,795,1,6032537230,9999,9999
23976,BOTA HIKING J  HUSH PUPPIES RIGGS,,295.5,795,1,6032537231,9999,9999
23977,BOTA HIKING J  HUSH PUPPIES RIGGS,,295.5,795,1,6032537232,9999,9999
23978,BOTA HIKING J  HUSH PUPPIES RIGGS,,295.5,795,1,6032537233,9999,9999
23979,BOTA HIKING J  HUSH PUPPIES RIGGS,,295.5,795,1,6032537234,9999,9999
23980,BOTA HIKING J  HUSH PUPPIES RIGGS,,295.5,795,1,6032537235,9999,9999
23981,BOTA HIKING J  HUSH PUPPIES RIGGS,,295.5,795,1,6032537236,9999,9999
23982,BOTA HIKING J  HUSH PUPPIES RIGGS,,295.5,795,1,6032537237,9999,9999
23983,BOTA HIKING J  HUSH PUPPIES RIGGS,,295.5,795,1,6032537238,9999,9999
23984,BOTA HIKING A  MERREL CALIA,,523.8,1100,1,0603252036.5.,9999,9999
23985,BOTA HIKING A  MERREL CALIA,,523.8,1100,1,0603252037.0.,9999,9999
23986,BOTA HIKING A  MERREL CALIA,,523.8,1100,1,0603252037.5.,9999,9999
23987,BOTA HIKING A  MERREL CALIA,,523.8,1100,1,0603252038.0.,9999,9999
23988,BOTA HIKING A  MERREL CALIA,,523.8,1100,1,0603252038.5.,9999,9999
23989,BOTA HIKING A  MERREL CALIA,,523.8,1100,1,0603252039.0.,9999,9999
23990,CAMPERA    B   T.ESP THERMOSOFT MEN,,847.5,1695,1,090317350CXS.,9999,9999
23991,CAMPERA    B   T.ESP THERMOSOFT MEN,,847.5,1695,1,090317350M...,9999,9999
23992,CAMPERA    B   T.ESP THERMOSOFT MEN,,847.5,1695,1,090317350L...,9999,9999
23993,CAMPERA    B   T.ESP THERMOSOFT MEN,,847.5,1695,1,090317350XL..,9999,9999
23994,CAMPERA    B   T.ESP THERMOSOFT MEN,,847.5,1695,1,090317350XXL.,9999,9999
23995,CAMPERA    A   T.ESP THERMOSOFT LADY,,745,1490,1,090317351BXS.,9999,9999
23996,CAMPERA    A   T.ESP THERMOSOFT LADY,,745,1490,1,090317351CXS.,9999,9999
23997,CAMPERA    A   T.ESP THERMOSOFT LADY,,745,1490,1,090317351M...,9999,9999
23998,CAMPERA    A   T.ESP THERMOSOFT LADY,,745,1490,1,090317351L...,9999,9999
23999,CAMPERA    J   T.ESP THERMOSOFT JR,,697.5,1395,1,090317352BXS.,9999,9999
24000,CAMPERA    J   T.ESP THERMOSOFT JR,,697.5,1395,1,090317352CXS.,9999,9999
24001,CAMPERA    J   T.ESP THERMOSOFT JR,,697.5,1395,1,090317352M...,9999,9999
24002,CAMPERA    J   T.ESP THERMOSOFT JR,,697.5,1395,1,090317352L...,9999,9999
24003,BOTA HIKING B  MERREL ZERMATT GTX,,977.5,2150,1,0603252398.5.,9999,9999
24004,BOTA HIKING B  MERREL ZERMATT GTX,,977.5,2150,1,0603252399.0.,9999,9999
24005,BOTA HIKING B  MERREL ZERMATT GTX,,977.5,2150,1,0603252399.5.,9999,9999
24006,BOTA HIKING B  MERREL ZERMATT GTX,,977.5,2150,1,6032523910,9999,9999
24007,BOTA HIKING B  MERREL ZERMATT GTX,,977.5,2150,1,6032523911,9999,9999
24008,BOTA HIKING B  MERREL ZERMATT GTX,,977.5,2150,1,6032523911,9999,9999
24009,CAMPERA    J   BANDIT,,540,1090,1,090300680T.10,9999,9999
24010,CAMPERA    J   BANDIT,,540,1090,1,090300680T.12,9999,9999
24011,CAMPERA    J   BANDIT,,540,1090,1,090300680T.14,9999,9999
24012,CAMPERA    J   BANDIT,,540,1090,1,090300680T.6.,9999,9999
24013,CAMPERA    J   BANDIT,,540,1090,1,090300680T.8.,9999,9999
24014,CAMPERA    B   DUKE ONE THERMOBLOCK,,647.5,1295,1,090317340CXS.,9999,9999
24015,CAMPERA    B   DUKE ONE THERMOBLOCK,,647.5,1295,1,090317340M...,9999,9999
24016,CAMPERA    B   DUKE ONE THERMOBLOCK,,647.5,1295,1,090317340L...,9999,9999
24017,CAMPERA    B   DUKE ONE THERMOBLOCK,,647.5,1295,1,090317340XL..,9999,9999
24018,CAMPERA    J   DUKE REVER,,747.5,1495,1,090317383T.10,9999,9999
24019,CAMPERA    J   DUKE REVER,,747.5,1495,1,090317383T.12,9999,9999
24020,CAMPERA    J   DUKE REVER,,747.5,1495,1,090317383T.14,9999,9999
24021,CAMPERA    J   DUKE REVER,,747.5,1495,1,090317383T.16,9999,9999
24022,BOTA HIKING A  MERREL CHAMELEON ARC WP,,800,1680,1,0603252046.0.,9999,9999
24023,BOTA HIKING A  MERREL CHAMELEON ARC WP,,800,1680,1,0603252046.5.,9999,9999
24024,BOTA HIKING A  MERREL CHAMELEON ARC WP,,800,1680,1,0603252047.0.,9999,9999
24025,BOTA HIKING A  MERREL CHAMELEON ARC WP,,800,1680,1,0603252047.5.,9999,9999
24026,BOTA HIKING A  MERREL CHAMELEON ARC WP,,800,1680,1,0603252048.0.,9999,9999
24027,BOTA HIKING A  MERREL CHAMELEON ARC WP,,800,1680,1,0603252048.5.,9999,9999
24028,BOTA HIKING A  MERREL CHAMELEON ARC WP,,800,1680,1,0603252049.0.,9999,9999
24029,CAMPERA    A   DUKE FAGNANO,,1490,2980,1,090317322CXS.,9999,9999
24030,CAMPERA    A   DUKE FAGNANO,,1490,2980,1,090317322M...,9999,9999
24031,CAMPERA    A   DUKE FAGNANO,,1490,2980,1,090317322L...,9999,9999
24032,CAMPERA    A   DUKE FAGNANO,,1490,2980,1,090317322XL..,9999,9999
24033,CAMPERA    A   DUKE FAGNANO,,1490,2980,1,090317322XXL.,9999,9999
24034,CAMPERA    B   DUKE LACAR,,1125,2250,1,090317341CXS.,9999,9999
24035,CAMPERA    B   DUKE LACAR,,1125,2250,1,090317341M...,9999,9999
24036,CAMPERA    B   DUKE LACAR,,1125,2250,1,090317341L...,9999,9999
24037,CAMPERA    B   DUKE LACAR,,1125,2250,1,090317341XL..,9999,9999
24038,BOTA.SNOW      BURTON JET,,1388,320,1,0613148109.5.,9999,9999
24039,BOTA.SNOW      BURTON JET,,1388,320,1,6131481010,9999,9999
24040,BOTA.SNOW      BURTON JET,,1388,320,1,6131481011,9999,9999
24041,BOTA.SNOW      BURTON JET,,1388,320,1,6131481011,9999,9999
24042,BOTA.SNOW      BURTON JET,,1388,320,1,6131481012,9999,9999
24043,BOTA.SNOW      BURTON JET,,1388,320,1,6131481012,9999,9999
24044,BOTA.SNOW      BURTON JET,,1388,320,1,0613148109.0.,9999,9999
24045,FIJ.SNOW   ZBS BURTON CUSTOM EST.,,1527,350,1,190314809BURT,9999,9999
24046,BOTA.R         ROSSIGNOL SYNERGY SEN.110,,242,720,3,6121308226,9999,9999
24047,BOLSO SNOWBOARD BURTON WISE FULL PRINT,,350,790,1,047314805BURT,9999,9999
24048,BOTA HIKING B  HUSH PUPPIES HOBBES,,572.73,1260,1,6032534040,9999,9999
24049,BOTA HIKING B  HUSH PUPPIES HOBBES,,572.73,1260,1,6032534041,9999,9999
24050,BOTA HIKING B  HUSH PUPPIES HOBBES,,572.73,1260,1,6032534042,9999,9999
24051,BOTA HIKING B  HUSH PUPPIES HOBBES,,572.73,1260,1,6032534043,9999,9999
24052,BOTA HIKING B  HUSH PUPPIES HOBBES,,572.73,1260,1,6032534044,9999,9999
24053,BOTA HIKING B  HUSH PUPPIES HOBBES,,572.73,1260,1,6032534045,9999,9999
24054,PPANTALON  TA  DESCENTE SOFTSHELL,,620,1495,1,615300871BXS.,9999,9999
24055,PPANTALON  TA  DESCENTE SOFTSHELL,,620,1495,1,615300871CXS.,9999,9999
24056,PPANTALON  TA  DESCENTE SOFTSHELL,,620,1495,1,615300871M...,9999,9999
24057,PPANTALON  TA  DESCENTE SOFTSHELL,,620,1495,1,615300871L...,9999,9999
24058,PPANTALON  TA  DESCENTE SOFTSHELL,,620,1495,1,615300871XL..,9999,9999
24059,BUZOS CAMPERA  B DUKE THERMOTEX BIPOLAR,,590,1190,1,071317338CXS.,9999,9999
24060,BUZOS CAMPERA  B DUKE THERMOTEX BIPOLAR,,590,1190,1,071317338M...,9999,9999
24061,BUZOS CAMPERA  B DUKE THERMOTEX BIPOLAR,,590,1190,1,071317338L...,9999,9999
24062,BUZOS CAMPERA  B DUKE THERMOTEX BIPOLAR,,590,1190,1,071317338XL..,9999,9999
24063,BUZOS CAMPERA  B DUKE THERMOTEX BIPOLAR,,590,1190,1,071317338XXL.,9999,9999
24064,CASCO          ROSSIGNOL B SQUAD,,118,320,3,1.12E+12,9999,9999
24065,CASCO          ROSSIGNOL B SQUAD,,118,320,3,1.12E+12,9999,9999
24066,CASCO          ROSSIGNOL B SQUAD,,118,320,3,1.12E+12,9999,9999
24067,CASCO          ROSSIGNOL B SQUAD,,118,320,3,1.12E+12,9999,9999
24068,CASCO          ROSSIGNOL Z13,,118,320,3,1.12E+12,9999,9999
24069,CASCO          ROSSIGNOL Z13,,118,320,3,1.12E+12,9999,9999
24070,CASCO          ROSSIGNOL Z13,,118,320,3,1.12E+12,9999,9999
24071,CASCO          ROSSIGNOL Z13,,118,320,3,1.12E+12,9999,9999
24072,CASCO          ROSSIGNOL ATTRAXION CROCO,,100,270,3,1.12E+12,9999,9999
24073,CASCO          ROSSIGNOL ATTRAXION,,93,250,3,1.12E+12,9999,9999
24074,CASCO          ROSSIGNOL ATTRAXION,,93,250,3,1.12E+12,9999,9999
24075,CASCO          ROSSIGNOL CENTURY,,93,250,3,1.12E+12,9999,9999
24076,CASCO          ROSSIGNOL CENTURY,,93,250,3,1.12E+12,9999,9999
24077,CASCO          ROSSIGNOL CENTURY,,93,250,3,1.12E+12,9999,9999
24078,CASCO          ROSSIGNOL CENTURY,,93,250,3,1.12E+12,9999,9999
24079,CASCO          ROSSIGNOL SAPHIR,,93,250,3,1.12E+12,9999,9999
24080,CASCO          ROSSIGNOL SAPHIR,,93,250,3,1.12E+12,9999,9999
24081,CASCO          ROSSIGNOL SAPHIR,,93,250,3,1.12E+12,9999,9999
24082,CASCO          ROSSIGNOL SAPHIR,,93,250,3,1.12E+12,9999,9999
24083,CASCO          ROSSIGNOL STRATO,,93,250,3,1.12E+12,9999,9999
24084,CASCO          ROSSIGNOL STRATO,,93,250,3,1.12E+12,9999,9999
24085,CASCO          ROSSIGNOL STRATO,,93,250,3,1.12E+12,9999,9999
24086,CASCO          ROSSIGNOL STRATO,,93,250,3,1.12E+12,9999,9999
24087,CASCO          ROSSIGNOL STRATO,,93,250,3,1.12E+12,9999,9999
24088,CASCO          ROSSIGNOL TOXIC S 6 PRO,,80,220,3,1.12E+12,9999,9999
24089,CASCO          ROSSIGNOL TOXIC S 6 PRO,,80,220,3,1.12E+12,9999,9999
24090,CASCO          ROSSIGNOL TOXIC S 6 PRO,,80,220,3,1.12E+12,9999,9999
24091,CASCO          ROSSIGNOL TOXIC S 6 PRO,,80,220,3,1.12E+12,9999,9999
24092,CASCO          ROSSIGNOL TOXIC S 6 PRO,,80,220,3,1.12E+12,9999,9999
24093,CASCO          ROSSIGNOL RADICAL JR.,,56,150,3,1.12E+12,9999,9999
24094,CASCO          ROSSIGNOL RADICAL JR.,,56,150,3,1.12E+12,9999,9999
24095,CASCO          ROSSIGNOL RADICAL JR.,,56,150,3,1.12E+12,9999,9999
24096,CASCO          ROSSIGNOL RADICAL JR.,,56,150,3,1.12E+12,9999,9999
24097,BOTA.R         ROSSIGNOL R 78 RTL,,110,300,3,6131318724,9999,9999
24098,BOTA.R         ROSSIGNOL R 78 RTL,,110,300,3,6131318725,9999,9999
24099,BOTA.R         ROSSIGNOL R 78 RTL,,110,300,3,6131318725,9999,9999
24100,BOTA.R         ROSSIGNOL R 78 RTL,,110,300,3,6131318726,9999,9999
24101,BOTA.R         ROSSIGNOL R 78 RTL,,110,300,3,6131318726,9999,9999
24102,BOTA.R         ROSSIGNOL R 78 RTL,,110,300,3,6131318727,9999,9999
24103,BOTA.R         ROSSIGNOL R 78 RTL,,110,300,3,6131318728,9999,9999
24104,BOTA.R         ROSSIGNOL R 78 RTL,,110,300,3,6131318728,9999,9999
24105,BOTA.R         ROSSIGNOL R 78 RTL,,110,300,3,6131318729,9999,9999
24106,BOTA.R         ROSSIGNOL R 78 RTL,,110,300,3,6131318729,9999,9999
24107,SKI.R          R.ATTR.LTD WTPI2+SAPH 90,,286,850,3,7103132221,9999,9999
24108,SKI.R          R.ATTR.LTD WTPI2+SAPH 90,,286,850,3,7103132222,9999,9999
24109,SKI.R          R.STORM + AXM 110 XL,,351,950,3,7103132232,9999,9999
24110,SKI.R          R.BANDIT SC96 OPEN+AXM120,,557,1500,3,7103132242,9999,9999
24111,SKI.R          ROSSIGNOL ZS LTD OPEN,,143,460,3,7103132251,9999,9999
24112,SKI.R          ROSSIGNOL ZS LTD OPEN,,143,460,3,7103122252,9999,9999
24113,SKI.R          ROSSIGNOL ZS LTD OPEN,,143,460,3,7103122252,9999,9999
24114,SKI.R          ROSSIGNOL ZS LTD OPEN,,143,460,3,7103122252,9999,9999
24115,SKI.R          R.ZX 3D + AXM 100 TPI2,,286,850,3,7102132072,9999,9999
24116,SKI.R          ROSSIGNOL ZS LTD OPEN,,143,460,3,7103132252,9999,9999
24117,BOTA.R         ROSSIGNOL EXALT X RTL,,155,450,3,6101313627,9999,9999
24118,BOTA.SNOW      ROSSIGNOL ALLEY BOA,,172,490,3,6111316026,9999,9999
24119,BOTA.R         ROSSIGNOL BANDIT B 14,,229,650,3,6181311531,9999,9999
24120,GORROS     I   89105/N-S/4029,,32.98,95,1,235303501UNIC,9999,9999
24121,GUMANOPLA  J   S.CONTROL 6351/6930,,85,220,1,245503502L...,9999,9999
24122,CAMPERA    B   DUKE MASCARDI,,1450,2900,1,090317345CXS.,9999,9999
24123,CAMPERA    B   DUKE MASCARDI,,1450,2900,1,090317345M...,9999,9999
24124,CAMPERA    B   DUKE MASCARDI,,1450,2900,1,090317345L...,9999,9999
24125,CAMPERA    B   DUKE MASCARDI,,1450,2900,1,090317345XL..,9999,9999
24126,CAMPERA    B   DUKE MASCARDI,,1450,2900,1,090317345XXL.,9999,9999
24127,CASCO          BULA VS 202,,445,980,1,013325801V202,9999,9999
24128,CASCO          BULA VS 618,,660,1450,1,013325803V618,9999,9999
24129,CASCO          BULA VS 616,,520,1150,1,013325802V616,9999,9999
24130,CASCO          BULA VS 666,,700,1550,1,013325804V666,9999,9999
24131,ANTIPARRA      BULA SKG ROSA DAMA,,400,890,1,112325801SKGR,9999,9999
24132,ANTIPARRA      BULA SKG 31 JR.,,400,890,1,112325802KG31,9999,9999
24133,ANTIPARRA      BULA SKG 40,,400,890,1,112325803KG40,9999,9999
24134,ANTIPARRA      BULA SKG 36,,445,980,1,112325804KG36,9999,9999
24135,ANTIPARRA      BULA SKG 55,,445,980,1,112325805KG55,9999,9999
24136,ANTIPARRA      BULA SKG 25,,520,1150,1,112325806KG25,9999,9999
24137,ANTIPARRA      BULA SKG 26,,500,1090,1,112325807KG26,9999,9999
24138,ANTIPARRA      BULA SKG 23,,677,1490,1,112325808KG23,9999,9999
24139,CAPA           BULA COSTURAS TERMOSELL.,,225,490,1,099325801BULA,9999,9999
24140,PITA           HARDCORD SNOWBOARD,,20,66,1,603305201HCRD,9999,9999
24141,ANTEOJOS       RUSTY STOKED,,300,750,1,012304002STOK,9999,9999
24142,ANTEOJOS       RUSTY CONTRAST,,290,720,1,012304003CONT,9999,9999
24143,VESTIDO        BENKA,,80,160,1,796300930BENK,9999,9999
24144,RAQUETA TENIS  WILSON US OPEN WRT 5522,,360,765,1,654822900WILS,9999,9999
24145,RAQUETA        YONEX RQ SPEED,,300,655,1,645822910YONE,9999,9999
24146,HELADERA       SPINIT OASIS 34 LTS,,188.84,420,1,26530886534LT,9999,9999
24147,TERMO          SPINIT OASIS 2.5 LT,,55.33,140,1,7323088672.5L,9999,9999
24148,CANTIMPLORA    SPINIT C/FDA-BOLS. 1LT,,42.45,105,1,0803086631.0L,9999,9999
24149,CANTIMPLORA    SPINIT C/FDA 1 LT 52010,,60.61,150,1,0803086641.0L,9999,9999
24150,MESA           SPINIT TAPA PLAST.52080,,336.56,740,1,4.59E+12,9999,9999
24151,MOCHILA        SPINIT RE101 20LTS,,131.51,320,1,46430867225LT,9999,9999
24152,BOTA HIKING B  INOV ROCLITE 312 GTX,,106,223,2,0604247088.0.,9999,9999
24153,BOTA HIKING B  INOV ROCLITE 312 GTX,,106,223,2,0604247088.5.,9999,9999
24154,BOTA HIKING B  INOV ROCLITE 312 GTX,,106,223,2,0604247089.0.,9999,9999
24155,BOTA HIKING B  INOV ROCLITE 312 GTX,,106,223,2,0604247089.5.,9999,9999
24156,BOTA HIKING B  INOV ROCLITE 312 GTX,,106,223,2,6042470810,9999,9999
24157,BOTA HIKING B  INOV ROCLITE 312 GTX,,106,223,2,6042470811,9999,9999
24158,BOTA HIKING B  INOV ROCLITE 312 GTX,,106,223,2,6042470811,9999,9999
24159,BOTA HIKING B  INOV ROCLITE 312 GTX,,106,223,2,6042470812,9999,9999
24160,BOTA HIKING B  INOV ROCLITE 312 GTX,,106,223,2,6042470812,9999,9999
24161,BOTA HIKING A  INOV ROCLITE 268,,95,200,2,0604247095.0.,9999,9999
24162,BOTA HIKING A  INOV ROCLITE 268,,95,200,2,0604247095.5.,9999,9999
24163,BOTA HIKING A  INOV ROCLITE 268,,95,200,2,0604247096.0.,9999,9999
24164,BOTA HIKING A  INOV ROCLITE 268,,95,200,2,0604247096.5.,9999,9999
24165,BOTA HIKING A  INOV ROCLITE 268,,95,200,2,0604247097.0.,9999,9999
24166,BOTA HIKING A  INOV ROCLITE 268,,95,200,2,0604247097.5.,9999,9999
24167,BRUJULA        WATER MC45-5C,,51,120,1,065412032MAPA,9999,9999
24168,SOMBRILLA      WATER HUM 2108,,358,795,1,7.17E+12,9999,9999
24169,SOMBRERO   V   WATERDOG 510,,98,220,1,7.14E+11,9999,9999
24170,LINTERNA       NITROLITE WOL H12+2,,100,220,1,408408346H122,9999,9999
24171,LINTERNA       NITROLITE WOL H18+2,,105,230,1,408408347H182,9999,9999
24172,LINTERNA       NITROLITE KWP 3021,,47,95,1,4.08E+12,9999,9999
24173,FAROL          NITROLITE FBC 7824,,256.91,570,1,1.84E+12,9999,9999
24174,FAROL          WATER WOL-L001,,149.35,330,1,184412002L001,9999,9999
24175,FAROL          WATER WOL-L004,,253.16,550,1,184412003L004,9999,9999
24176,FAROL          WATER WOL-L006,,289.06,640,1,184412004L006,9999,9999
24177,FAROL          WATER WOL-L008,,156.94,350,1,184412005L008,9999,9999
24178,CARPA          NATWAY BAHIA,,868.14,1895,1,105412038PLAY,9999,9999
24179,BOLSA DE DORMIR WATER ALPAX 350,,648.03,1430,1,045412038-8..,9999,9999
24180,PELOTA FUTBOL  PENALTY JUVENIL,,120,297,1,583422965N.5.,9999,9999
24181,BOLSO          GILBERT V2 ON WHEELS,,590,1425,1,046422902GILB,9999,9999
24182,CALZA TEC  B   GILBERT LEGGING,,180,435,1,082422945CXS.,9999,9999
24183,CALZA TEC  B   GILBERT LEGGING,,180,435,1,082422945M...,9999,9999
24184,CALZA TEC  B   GILBERT LEGGING,,180,435,1,082422945L...,9999,9999
24185,CALZA TEC  B   GILBERT LEGGING,,180,435,1,082422945XL..,9999,9999
24186,CALZA TEC  B   GILBERT LEGGING,,180,435,1,082422945XXL.,9999,9999
24187,ANTEOJOS       RUSTY BEAUTY POLARIZADO,,338,820,1,012404067BEAP,9999,9999
24188,ANTEOJOS       RUSTY THE MAKER,,309,750,1,012404068MAKE,9999,9999
24189,CAMISE TEC B   GILBERT TERMOSHIRT,,130,325,1,088422945CXS.,9999,9999
24190,CAMISE TEC B   GILBERT TERMOSHIRT,,130,325,1,088422945M...,9999,9999
24191,CAMISE TEC B   GILBERT TERMOSHIRT,,130,325,1,088422945L...,9999,9999
24192,CAMISE TEC B   GILBERT TERMOSHIRT,,130,325,1,088422945XL..,9999,9999
24193,CAMISE TEC B   GILBERT TERMOSHIRT,,130,325,1,088422945XXL.,9999,9999
24194,BOTELLA        GILBERT 0.70 LTS.,,14,39,1,063422901GILB,9999,9999
24195,PELOTA RUGBY   GILBERT MATCH OMEGA,,190,462,1,583422947RUGB,9999,9999
24196,ACCESORIOS     GILBERT PROT.BUCAL RAZOR,,45,105,1,010422913GILB,9999,9999
24197,ACCESORIOS     GILBERT TEE TELESCOPIC,,60,154,1,010422914GILB,9999,9999
24198,ACCESORIOS     GILBERT TEE ABT AJUSTABLE,,55,132,1,010422915GILB,9999,9999
24199,ACCESORIOS     GILBERT TEE 450 PRECISION,,40,105,1,010422916GILB,9999,9999
24200,ACCESORIOS     GILBERT TEE 320 PRECISION,,35,88,1,010422917GILB,9999,9999
24201,PELOTA VOLEY   WILSON AVP,,110,275,1,583422971WILS,9999,9999
24202,PELOTA NFL     WILSON FUTBOL AMERICANO,,99,264,1,583422972WILS,9999,9999
24203,RAQUETA        STIGA PING PONG,,199,484,1,654422950STIG,9999,9999
24204,JUEGOS         SET CLASSIC PAL/RED P.PON,,139,325,1,363422951STIG,9999,9999
24205,JUEGOS         SET VORTEX PAL/RED P.PONG,,195,473,1,363422952STIG,9999,9999
24206,JUEGOS         RED CLIP-ON PING PONG,,150,363,1,363422953STIG,9999,9999
24207,JUEGOS         MESA P.PONG STIGA TRIUMPH,,2150,4620,1,363422901STIG,9999,9999
24208,SILLON         SPINIT DIRECTOR 52078/9,,251.28,595,1,708408661SPIN,9999,9999
24209,COLCHON        SPINIT 1 POS.APOYA BRAZO,,145.65,350,1,708408662SPIN,9999,9999
24210,CARPA          SPINIT GAZEBO BASIC,,624.33,1380,1,105408665SPIN,9999,9999
24211,COLCHON        DOITE CLARION SINGLE,,442.18,980,1,129415505SING,9999,9999
24212,MOCHILA        GILBERT BAG CLUB,,190,462,1,46442290120LT,9999,9999
24213,SANDALIA       TIMBERL NEKKOL MEN,,566.7,1190,1,6963017407.0.,9999,9999
24214,SANDALIA       TIMBERL NEKKOL MEN,,566.7,1190,1,69630174011,9999,9999
24215,SANDALIA       TIMBERL NEKKOL MEN,,566.7,1190,1,69630174012,9999,9999
24216,LINTERNA       GOALZERO LUNA LED USB,,11.05,22,2,4.08E+12,9999,9999
24217,LINTERNA       GOALZERO ESTRELLA 3W,,55.25,110,2,408425902ESTR,9999,9999
24218,FAROL          GOALZERO LIGHTHOUSE USB,,50.64,100,2,184425901HOUS,9999,9999
24219,LINTERNA       GOALZERO SOLO FLASHLIGHT,,15.66,31,2,408425903SOLO,9999,9999
24220,LINTERNA       GOALZERO SPARK LED LIGHT,,7.34,15,2,408425904SPRK,9999,9999
24221,PARLANTE       GOALZERO ROCKOUT,,39.35,77,2,5.75E+12,9999,9999
24222,CARGADOR       GOALZERO GUARDIAN 12V SOL,,195.17,380,2,090425901GUAR,9999,9999
24223,CARGADOR       GOALZERO SHERPA 50 SOLAR,,426.19,830,2,090425902SHER,9999,9999
24224,CARGADOR       GOALZERO GUIDE 10 PLUSKIT,,133.89,260,2,9.04E+11,9999,9999
24225,CARGADOR       GOALZERO NOMAD 13 PANEL,,184.12,360,2,090425904NO13,9999,9999
24226,CARGADOR       GOALZERO SWITCH 8 SOLAR,,111.94,220,2,090425905SWT8,9999,9999
24227,CARPA          DOITE HIGHLAND ALU.4 PAX,,2904.11,6395,1,1053155674PAX,9999,9999
24228,SILLA          SPINIT REPOSERA 52122,,412.75,950,1,7074086635POS,9999,9999
24229,MOCHILA        HIGH SIERRA IMPACT,,188,395,1,46441130124LT,9999,9999
24230,MOCHILA        HIGH SIERRA OPIE,,266,560,1,46441130230LT,9999,9999
24231,MOCHILA        HIGH SIERRA FAT BOY,,328,695,1,46441130339LT,9999,9999
24232,MOCHILA        HIGH SIERRA BOONDOCK,,451,950,1,46441130435LT,9999,9999
24233,MOCHILA        HIGH SIERRA SWERVE PACK,,530,1120,1,46441130537LT,9999,9999
24234,BOTA HIKING B  HI-TEC V-LITE BUXTON MID,,892,1880,1,6041104242,9999,9999
24235,BOTA HIKING B  HI-TEC V-LITE BUXTON MID,,892,1880,1,6041104243,9999,9999
24236,BOTA HIKING B  HI-TEC V-LITE BUXTON MID,,892,1880,1,6041104243,9999,9999
24237,BOTA HIKING B  HI-TEC V-LITE BUXTON MID,,892,1880,1,6041104244,9999,9999
24238,BOTA HIKING B  HI-TEC V-LITE BUXTON MID,,892,1880,1,6041104244,9999,9999
24239,BOTA HIKING B  HI-TEC V-LITE BUXTON MID,,892,1880,1,6041104245,9999,9999
24240,BOTA HIKING B  HI-TEC V-LITE BUXTON MID,,892,1880,1,6041104245,9999,9999
24241,BOTA HIKING B  HI-TEC ALTITUDE IV WP,,900,1895,1,6061103240,9999,9999
24242,BOTA HIKING B  HI-TEC ALTITUDE IV WP,,900,1895,1,6061103241,9999,9999
24243,BOTA HIKING B  HI-TEC ALTITUDE IV WP,,900,1895,1,6061103242,9999,9999
24244,BOTA HIKING B  HI-TEC ALTITUDE IV WP,,900,1895,1,6061103242,9999,9999
24245,BOTA HIKING B  HI-TEC ALTITUDE IV WP,,900,1895,1,6061103243,9999,9999
24246,BOTA HIKING B  HI-TEC ALTITUDE IV WP,,900,1895,1,6061103243,9999,9999
24247,BOTA HIKING B  HI-TEC ALTITUDE IV WP,,900,1895,1,6061103244,9999,9999
24248,BOTA HIKING B  HI-TEC ALTITUDE IV WP,,900,1895,1,6061103245,9999,9999
24249,BOTA HIKING B  HI-TEC ALTITUDE IV WP,,900,1895,1,6061103245,9999,9999
24250,BOTA HIKING B  HI-TEC V-LITE ARRAN WP,,900,1895,1,6041104340,9999,9999
24251,BOTA HIKING B  HI-TEC V-LITE ARRAN WP,,900,1895,1,6041104341,9999,9999
24252,BOTA HIKING B  HI-TEC V-LITE ARRAN WP,,900,1895,1,6041104342,9999,9999
24253,BOTA HIKING B  HI-TEC V-LITE ARRAN WP,,900,1895,1,6041104342,9999,9999
24254,BOTA HIKING B  HI-TEC V-LITE ARRAN WP,,900,1895,1,6041104343,9999,9999
24255,BOTA HIKING B  HI-TEC V-LITE ARRAN WP,,900,1895,1,6041104343,9999,9999
24256,BOTA HIKING B  HI-TEC V-LITE ARRAN WP,,900,1895,1,6041104344,9999,9999
24257,BOTA HIKING B  HI-TEC V-LITE ARRAN WP,,900,1895,1,6041104344,9999,9999
24258,BOTA HIKING B  HI-TEC V-LITE ARRAN WP,,900,1895,1,6041104345,9999,9999
24259,BOTA HIKING B  HI-TEC V-LITE ARRAN WP,,900,1895,1,6041104345,9999,9999
24260,BOTA HIKING A  HI-TEC ALTITUDE GLIDE WP,,900,1895,1,6041100138,9999,9999
24261,BOTA HIKING A  HI-TEC ALTITUDE GLIDE WP,,900,1895,1,6041100138,9999,9999
24262,BOTA HIKING A  HI-TEC ALTITUDE GLIDE WP,,900,1895,1,6041100139,9999,9999
24263,BOTA HIKING A  HI-TEC ALTITUDE GLIDE WP,,900,1895,1,6041100139,9999,9999
24264,BOTA HIKING A  HI-TEC ALTITUDE GLIDE WP,,900,1895,1,6041100140,9999,9999
24265,BOTA HIKING A  HI-TEC ALTITUDE GLIDE WP,,900,1895,1,6041100140,9999,9999
24266,BOTA HIKING A  HI-TEC ALTITUDE GLIDE WP,,900,1895,1,6041100141,9999,9999
24267,BOTA HIKING A  HI-TEC ALTITUDE GLIDE WP,,900,1895,1,6041100141,9999,9999
24268,BOTA HIKING A  HI-TEC LYNX TRAIL,,713,1495,1,6041100238,9999,9999
24269,BOTA HIKING A  HI-TEC LYNX TRAIL,,713,1495,1,6041100238,9999,9999
24270,BOTA HIKING A  HI-TEC LYNX TRAIL,,713,1495,1,6041100239,9999,9999
24271,BOTA HIKING A  HI-TEC LYNX TRAIL,,713,1495,1,6041100239,9999,9999
24272,BOTA HIKING A  HI-TEC LYNX TRAIL,,713,1495,1,6041100240,9999,9999
24273,BOTA HIKING A  HI-TEC LYNX TRAIL,,713,1495,1,6041100240,9999,9999
24274,BOTA HIKING A  HI-TEC LYNX TRAIL,,713,1495,1,6041100241,9999,9999
24275,BOTA HIKING A  HI-TEC LYNX TRAIL,,713,1495,1,6041100241,9999,9999
24276,CAÑA           BERKLEY CHERRY P307 1.68,,240.8,580,1,962174011.7,9999,9999
24277,ACC.PESCA      MITCHELL PLOMO REMOVIBLE,,15.8,40,1,008420451P371,9999,9999
24278,CUBREMOCHILA   OUTSIDE MEDIUN,,130,330,1,106402001M...,9999,9999
24279,MOCHILA        DEVIL DOG 20 LITROS A1,,140,325,1,46442600120LT,9999,9999
24280,SILLON         SPINIT ALU. 5 POSC. 52114,,524.5,1150,1,7074086705POS,9999,9999
24281,PPANTALON  AB  POWDER TRAVESIA MEN,,380,950,1,615414545CXS.,9999,9999
24282,PPANTALON  AB  POWDER TRAVESIA MEN,,380,950,1,615414545M...,9999,9999
24283,PPANTALON  AB  POWDER TRAVESIA MEN,,380,950,1,615414545L...,9999,9999
24284,PPANTALON  AB  POWDER TRAVESIA MEN,,380,950,1,615414545XL..,9999,9999
24285,PPANTALON  AA  POWDER TRAVESIA LADY,,356,890,1,615414501BXS.,9999,9999
24286,PPANTALON  AA  POWDER TRAVESIA LADY,,356,890,1,615414501CXS.,9999,9999
24287,PPANTALON  AA  POWDER TRAVESIA LADY,,356,890,1,615414501M...,9999,9999
24288,PPANTALON  AA  POWDER TRAVESIA LADY,,356,890,1,615414501L...,9999,9999
24289,REMERA     B   POWDER ALGODON,,100,250,1,671414545CXS.,9999,9999
24290,REMERA     B   POWDER ALGODON,,100,250,1,671414545M...,9999,9999
24291,REMERA     B   POWDER ALGODON,,100,250,1,671414545L...,9999,9999
24292,REMERA     B   POWDER ALGODON,,100,250,1,671414545XL..,9999,9999
24293,PELOTA FUTBOL  CHALLENGER DE GOMA NRO 5,,41.5,105,1,583422966N.5.,9999,9999
24294,COLCHONETA     MERCO DEPORTES,,56,154,1,133422960MERC,9999,9999
24295,HELADERA       SPINIT OASIS 24 LT,,142.46,320,1,26530866524LT,9999,9999
24296,VOUCHERS BANCO PATAGONIA,,0,100,1,3,9999,9999
24297,SALVAVIDAS     A-F TORPEDO BAYWATCH ECO.,,111.63,280,1,6.92E+12,9999,9999
24298,MANILLAR       ACCURATE POWER GRIP,,344.11,895,1,4.35E+12,9999,9999
24299,MANILLAR       ACCURATE UNIVERSAL,,217.79,595,1,4.35E+12,9999,9999
24300,SNORKEL        NAT.GEOGRAPHIC TUNA,,222.59,540,1,7.12E+12,9999,9999
24301,ANTE.NATACION  HKR FREESTYLE,,175,350,1,011400851FREE,9999,9999
24302,ANTE.NATACION  HKR MARINER K5UV,,175,350,1,011400851K5UV,9999,9999
24303,ANTE.NATACION  HKR S14,,175,350,1,011400851S14.,9999,9999
24304,ANTE.NATACION  HKR JUNIOR S7,,175,350,1,011400851S7..,9999,9999
24305,ANTE.NATACION  VIEW SHINARI V130,,175,350,1,011400852V130,9999,9999
24306,ANTE.NATACION  VIEW SNIPER V 100,,175,350,1,011400852V100,9999,9999
24307,ANTE.NATACION  VIEW Y7104,,175,350,1,1.14E+11,9999,9999
24308,ROLLER         TUXS SET PROTECCION,,195,435,1,682400851TUXS,9999,9999
24309,ENCENDEDOR     ZIPPO 28049,,23.36,57,1,170422837M218,9999,9999
24310,ENCENDEDOR     ZIPPO 28088,,22.34,54,1,1.70E+12,9999,9999
24311,ENCENDEDOR     ZIPPO 28101,,22.29,54,1,170422837M214,9999,9999
24312,ENCENDEDOR     ZIPPO 28207,,53.51,129,1,1.70E+12,9999,9999
24313,ENCENDEDOR     ZIPPO 28568,,28.26,68,1,1.70E+12,9999,9999
24314,ENCENDEDOR     ZIPPO 28625,,30.27,73,1,1.70E+12,9999,9999
24315,ENCENDEDOR     ZIPPO 28638,,22.18,54,1,1.70E+12,9999,9999
24316,ENCENDEDOR     ZIPPO 28648,,22.23,54,1,1.70E+12,9999,9999
24317,ACCESORIOS     ZIPPO GAS BUTANO 165GR,,7.01,17,1,84228053810,9999,9999
24318,ENCENDEDOR     ZIPPO 28665,,25.5,62,1,1.70E+12,9999,9999
24319,ENCENDEDOR     ZIPPO 28670,,25.22,60,1,1.70E+12,9999,9999
24320,PPANTALON  AB  POWDER ADVENTURE MEN,,380,950,1,615414546CXS.,9999,9999
24321,PPANTALON  AB  POWDER ADVENTURE MEN,,380,950,1,615414546M...,9999,9999
24322,PPANTALON  AB  POWDER ADVENTURE MEN,,380,950,1,615414546L...,9999,9999
24323,PPANTALON  AB  POWDER ADVENTURE MEN,,380,950,1,615414546XL..,9999,9999
24324,BRUJULA        RECTA DP-6 SH 360º 2532,,50.24,120,1,065415061DP-6,9999,9999
24325,BRUJULA        RECTA DS-40 SH 360º 2547,,23.34,56,1,065315062DS40,9999,9999
24326,BOTA HIKING B  LCS SCALAIRE MEN,,363.34,770,1,6042614540,9999,9999
24327,BOTA HIKING B  LCS SCALAIRE MEN,,363.34,770,1,6042614541,9999,9999
24328,BOTA HIKING B  LCS SCALAIRE MEN,,363.34,770,1,6042614542,9999,9999
24329,BOTA HIKING B  LCS SCALAIRE MEN,,363.34,770,1,6042614543,9999,9999
24330,BOTA HIKING B  LCS SCALAIRE MEN,,363.34,770,1,6042614544,9999,9999
24331,BOTA HIKING B  LCS SCALAIRE MEN,,363.34,770,1,6042614545,9999,9999
24332,SANDALIA       CROCS CLASSIC,,159.42,340,1,6964260015.0.,9999,9999
24333,SANDALIA       CROCS CLASSIC,,159.42,340,1,6964260016.0.,9999,9999
24334,SANDALIA       CROCS CLASSIC,,159.42,340,1,6964260017.0.,9999,9999
24335,SANDALIA       CROCS CLASSIC,,159.42,340,1,6964260018.0.,9999,9999
24336,SANDALIA       CROCS CLASSIC,,159.42,340,1,6964260019.0.,9999,9999
24337,SANDALIA       CROCS CLASSIC,,159.42,340,1,69642600110,9999,9999
24338,SANDALIA       CROCS CLASSIC,,159.42,340,1,69642600111,9999,9999
24339,SANDALIA       CROCS CLASSIC,,159.42,340,1,69642600112,9999,9999
24340,SANDALIA       CROCS CLASSIC,,159.42,340,1,6964260014.0.,9999,9999
24341,SANDALIA       CROCS CROCBAND,,228.74,480,1,6964260024.0.,9999,9999
24342,SANDALIA       CROCS CROCBAND,,228.74,480,1,6964260025.0.,9999,9999
24343,SANDALIA       CROCS CROCBAND,,228.74,480,1,6964260026.0.,9999,9999
24344,SANDALIA       CROCS CROCBAND,,228.74,480,1,6964260027.0.,9999,9999
24345,SANDALIA       CROCS CROCBAND,,228.74,480,1,6964260028.0.,9999,9999
24346,SANDALIA       CROCS CROCBAND,,228.74,480,1,6964260029.0.,9999,9999
24347,SANDALIA       CROCS CROCBAND,,228.74,480,1,69642600210,9999,9999
24348,SANDALIA       CROCS CROCBAND,,228.74,480,1,69642600211,9999,9999
24349,SANDALIA       CROCS CROCBAND,,228.74,480,1,69642600212,9999,9999
24350,SANDALIA       CROCS SANTA CRUZ,,292.72,620,1,6964260037.0.,9999,9999
24351,SANDALIA       CROCS SANTA CRUZ,,292.72,620,1,6964260038.0.,9999,9999
24352,SANDALIA       CROCS SANTA CRUZ,,292.72,620,1,6964260039.0.,9999,9999
24353,SANDALIA       CROCS SANTA CRUZ,,292.72,620,1,69642600310,9999,9999
24354,SANDALIA       CROCS SANTA CRUZ,,292.72,620,1,69642600311,9999,9999
24355,SANDALIA       CROCS SANTA CRUZ,,292.72,620,1,69642600312,9999,9999
24356,SILLON         SPINIT DIR.ETERNA 52089,,429,950,1,7.07E+12,9999,9999
24357,MOCHILA        SPINIT TECNOS,,264.48,580,1,464408673SPIN,9999,9999
24358,LINEA MOSCA    ANGLERS WF7S WETCEL4,,431.03,950,1,400708672WF7S,9999,9999
24359,LINEA TIPPET   ANGLERS STC - X,,384.47,850,1,406408660STC.,9999,9999
24360,ACC.PESCA      ANGLERS PAÑO P/LINEA FLY,,45.37,95,1,84086823232,9999,9999
24361,ACC.PESCA      ANGLERS KIT HERRAMIENRAS,,181.61,395,1,84086833530,9999,9999
24362,LINEA MOSCA    ANGLERS ORANGE 143041,,355.45,780,1,4.06E+12,9999,9999
24363,LINEA MOSCA    ANGLERS YELLOW,,431.03,950,1,406408677WF5F,9999,9999
24364,LINEA MOSCA    ANGLERS YELLOW,,431.03,950,1,406408677WF6F,9999,9999
24365,LINEA MOSCA    ANGLERS YELLOW,,431.03,950,1,406408677WF7F,9999,9999
24366,ACC.CAMPING    SET PARRILLERO SPINIT 2PZ,,104.07,230,1,34086610181,9999,9999
24367,LINTERNA       DOITE LITERAY 4711,,208.07,460,1,4.08E+12,9999,9999
24368,SNORKEL        BESTAY ADVENTURER,,45,105,1,712400841BWAY,9999,9999
24369,ANTEOJOS       RUSTY CRIM,,294,720,1,012404069CRIM,9999,9999
24370,ACC.CAMPING    ESTACA TIRABUZON,,24.3,60,1,00841756030CM,9999,9999
24371,COLCHON        NGEO EVEREST SINGLE,,270,595,1,129424501SING,9999,9999
24372,COLCHON        NGEO ALPES DOBLE,,410,895,1,129424503DOBL,9999,9999
24373,COLCHON        NGEO ALPES TWIN,,350,770,1,129424503TWIN,9999,9999
24374,COLCHON        NGEO HIMALAYA DOBLE,,380,835,1,129424502DOBL,9999,9999
24375,BIKINI         BENKA BOMBACHA,,65,150,1,045400930BENK,9999,9999
24376,BIKINI         BENKA CORPIÑO STRAPLESS,,70,160,1,045400931BENK,9999,9999
24377,BIKINI         BENKA CORPIÑO,,65,150,1,045400932BENK,9999,9999
24378,ROLLER         ACTION ART.136,,519,1250,1,68242515142,9999,9999
24379,ROLLER         ACTION ART.136,,519,1250,1,68242515143,9999,9999
24380,ROLLER         ACTION ART.136,,519,1250,1,68242515144,9999,9999
24381,CASCO          ACTION SKATE,,176,430,1,112425151M...,9999,9999
24382,CASCO          ACTION SKATE,,176,430,1,112425151L...,9999,9999
24383,COLCHONETA     OUTDOORS PILETA FRANCES,,102,250,1,1.33E+12,9999,9999
24384,COLCHONETA     OUTDOORS PILETA TUBO,,50,120,1,1.33E+12,9999,9999
24385,CARPA          NGEO OTAWA II,,748,1650,1,1054255052PAX,9999,9999
24386,CARPA          NGEO OTAWA IV,,1040,2290,1,1054255054PAX,9999,9999
24387,CARPA          NGEO OTAWA VI,,1432,3150,1,1054255056PAX,9999,9999
24388,CARPA          NGEO TORONTO II,,768.18,1690,1,1052255022PAX,9999,9999
24389,SOMBRILLA      NGEO PARASOL,,310,690,1,717425501NGEO,9999,9999
24390,CARPA          NGEO ABSIDE PLAYERO,,480,990,1,105425506PLAY,9999,9999
24391,MOCHILA        DOITE MOMENTUN 45 LT,,1633.06,3595,1,46441554145LT,9999,9999
24392,PILETA         INTEX INFLABLE 182X36,,125,250,1,5.96E+12,9999,9999
24393,CAMISA     B   OUTSIDE KALAHARI,,298,720,1,085402046CXS.,9999,9999
24394,CAMISA     B   OUTSIDE KALAHARI,,298,720,1,085402046M...,9999,9999
24395,CAMISA     B   OUTSIDE KALAHARI,,298,720,1,085402046L...,9999,9999
24396,CAMISA     B   OUTSIDE KALAHARI,,298,720,1,085402046XL..,9999,9999
24397,CAMISA     B   OUTSIDE KALAHARI,,298,720,1,085402046XXL.,9999,9999
24398,BOTE           SEVY KAYAK K1 QUIKPAK,,2180.57,5270,1,062305743S155,9999,9999
24399,MOCHILA        DOITE ANNAPURNA M.6697,,1929.98,4250,1,46431550450LT,9999,9999
24400,MOCHILA        MONKKING EVEREST,,622.69,1495,1,46441250160LT,9999,9999
24401,BOLSA DE DORMIR MICROBELL CLASSIC,,199,480,1,048312501-16.,9999,9999
24402,BOLSA DE DORMIR MICROBELL MUMMY,,239,580,1,048312502-16.,9999,9999
24403,MOCHILA        NGEO EVEREST 45LT,,889,1950,1,46441740145LT,9999,9999
24404,MOCHILA        NGEO EVEREST 55LT,,980,2150,1,46441740155LT,9999,9999
24405,MOCHILA        NGEO EVEREST 65LT,,1110,2450,1,46441740165LT,9999,9999
24406,LEADER         GREY GULL 9.0 PIES 5X,,11.55,30,1,3988212810,9999,9999
24407,LINEA MOSCA    GREY GULL FLOATING,,72.24,175,1,406421210WF7F,9999,9999
24408,LINEA MOSCA    GREY GULL FLOATING,,72.24,175,1,406421210WF5F,9999,9999
24409,LINEA MOSCA    GREY GULL SINKING,,72.24,175,1,406421211WF5S,9999,9999
24410,LINEA MOSCA    GREY GULL SINKING,,72.24,175,1,406421211WF6S,9999,9999
24411,LINEA MOSCA    GREY GULL SINKING,,72.24,175,1,406421211WF7S,9999,9999
24412,LINEA MOSCA    GREY GULL DFS150,,220.55,530,1,406321212GULL,9999,9999
24413,SILLON         NGEO DENVER,,350,770,1,708417401G922,9999,9999
24414,SILLON         NGEO SAND,,428,950,1,708417402G912,9999,9999
24415,SILLON         NGEO BIG,,567,1250,1,708417403G921,9999,9999
24416,CAMISA     CVB HI-TEC M/C URBAN,,175,350,1,030111053HTEC,9999,9999
24417,CAMPERA    A   ANSILTA RAPTOR S/C 141031,,325,2100,1,085507805L...,9999,9999
24418,BOTA HIKING A  HUSH PUPPIES TERVEL,,477.27,1050,1,6042530435,9999,9999
24419,BOTA HIKING A  HUSH PUPPIES TERVEL,,477.27,1050,1,6042530436,9999,9999
24420,BOTA HIKING A  HUSH PUPPIES TERVEL,,477.27,1050,1,6042530437,9999,9999
24421,BOTA HIKING A  HUSH PUPPIES TERVEL,,477.27,1050,1,6042530438,9999,9999
24422,BOTA HIKING A  HUSH PUPPIES TERVEL,,477.27,1050,1,6042530439,9999,9999
24423,BOTA HIKING A  HUSH PUPPIES TERVEL,,477.27,1050,1,6042530440,9999,9999
24424,BOTA HIKING B  MERREL PHOENIX TREK,,600,1260,1,0604252408.0.,9999,9999
24425,BOTA HIKING B  MERREL PHOENIX TREK,,600,1260,1,0604252408.5.,9999,9999
24426,BOTA HIKING B  MERREL PHOENIX TREK,,600,1260,1,0604252409.0.,9999,9999
24427,BOTA HIKING B  MERREL PHOENIX TREK,,600,1260,1,0604252409.5.,9999,9999
24428,BOTA HIKING B  MERREL PHOENIX TREK,,600,1260,1,6042524010,9999,9999
24429,BOTA HIKING B  MERREL PHOENIX TREK,,600,1260,1,6042524011,9999,9999
24430,BOTA HIKING B  MERREL PHOENIX TREK,,600,1260,1,6042524011,9999,9999
24431,BOTA HIKING B  TIMBERL FLUME MID WP,,928.57,1950,1,0604017498.0.,9999,9999
24432,BOTA HIKING B  TIMBERL FLUME MID WP,,928.57,1950,1,0604017498.5.,9999,9999
24433,BOTA HIKING B  TIMBERL FLUME MID WP,,928.57,1950,1,0604017499.0.,9999,9999
24434,BOTA HIKING B  TIMBERL FLUME MID WP,,928.57,1950,1,0604017499.5.,9999,9999
24435,BOTA HIKING B  TIMBERL FLUME MID WP,,928.57,1950,1,6040174910,9999,9999
24436,BOTA HIKING B  TIMBERL FLUME MID WP,,928.57,1950,1,6040174911,9999,9999
24437,BOTA HIKING B  TIMBERL FLUME MID WP,,928.57,1950,1,6040174911,9999,9999
24438,BOTA HIKING B  TIMBERL EK ROLSTON MID,,1274.67,2680,1,0604017508.0.,9999,9999
24439,BOTA HIKING B  TIMBERL EK ROLSTON MID,,1274.67,2680,1,0604017508.5.,9999,9999
24440,BOTA HIKING B  TIMBERL EK ROLSTON MID,,1274.67,2680,1,0604017509.0.,9999,9999
24441,BOTA HIKING B  TIMBERL EK ROLSTON MID,,1274.67,2680,1,0604017509.5.,9999,9999
24442,BOTA HIKING B  TIMBERL EK ROLSTON MID,,1274.67,2680,1,6040175010,9999,9999
24443,BOTA HIKING B  TIMBERL EK ROLSTON MID,,1274.67,2680,1,6040175011,9999,9999
24444,BOTA HIKING B  TIMBERL EK ROLSTON MID,,1274.67,2680,1,6040175011,9999,9999
24445,SALVAVIDAS     A-FIT 2110 3T/ TALLE 12,,383.2,920,1,695017421120K,9999,9999
24446,SALVAVIDAS     A-FIT 2108 3T/ TALLE 14,,410.65,995,1,695017421140K,9999,9999
24447,BOTA HIKING B  HUSS PUPPIES HOBBES,,572.73,1260,1,6032534039,9999,9999
24448,MOCHILA        DOITE LIMBU 60LTS.M.16635,,1720.65,3795,1,46441557460LT,9999,9999
24449,MOCHILA        DOITE KADAM 70LTS.M.16636,,1983.31,4370,1,46441557570LT,9999,9999
24450,BOTA HIKING B  HI-TEC MAINE,,999,2100,1,6041104442,9999,9999
24451,BOTA HIKING B  HI-TEC MAINE,,999,2100,1,6041104443,9999,9999
24452,BOTA HIKING B  HI-TEC MAINE,,999,2100,1,6041104443,9999,9999
24453,BOTA HIKING B  HI-TEC MAINE,,999,2100,1,6041104444,9999,9999
24454,BOTA HIKING B  HI-TEC MAINE,,999,2100,1,6041104444,9999,9999
24455,BOTA HIKING B  HI-TEC MAINE,,999,2100,1,6041104445,9999,9999
24456,BOTA HIKING B  HI-TEC MAINE,,999,2100,1,6041104445,9999,9999
24457,BOTA HIKING B  HI-TEC V-LITE BUXTON MID,,892,1880,1,6041104240,9999,9999
24458,BOTA HIKING B  HI-TEC V-LITE BUXTON MID,,892,1880,1,6041104241,9999,9999
24459,BOTA HIKING B  HI-TEC V-LITE BUXTON MID,,892,1880,1,6041104241,9999,9999
24460,BOTA HIKING B  HI-TEC V-LITE BUXTON MID,,892,1880,1,6041104242,9999,9999
24461,BOTA HIKING B  ASICS GEL.KAHANA,,581.2,1100,1,6042624110,9999,9999
24462,BOTA HIKING B  ASICS GEL.KAHANA,,581.2,1100,1,6042624111,9999,9999
24463,BOTA HIKING B  ASICS GEL.KAHANA,,581.2,1100,1,6042624111,9999,9999
24464,BOTA HIKING B  ASICS GEL.KAHANA,,581.2,1100,1,6042624112,9999,9999
24465,BOTA HIKING A  ASICS GEL.KAHANA LADY,,581.2,1100,1,0604262017.0.,9999,9999
24466,BOTA HIKING A  ASICS GEL.KAHANA LADY,,581.2,1100,1,0604262017.5.,9999,9999
24467,BOTA HIKING A  ASICS GEL.KAHANA LADY,,581.2,1100,1,0604262018.0.,9999,9999
24468,BOTA HIKING A  ASICS GEL.KAHANA LADY,,581.2,1100,1,6042620110,9999,9999
24469,SKI.R          R.PURSUIT 18+AXL 120 TPI2,,610,1650,3,7104132312,9999,9999
24470,SKI.R          R.PURSUIT 18+AXL 120 TPI2,,610,1650,3,7104132312,9999,9999
24471,SKI.R          R.PURSUIT 16+AXM 120 TPI2,,520,1410,3,7104132322,9999,9999
24472,SKI.R          R.PURSUIT 16+AXM 120 TPI2,,520,1410,3,7104132322,9999,9999
24473,SKI.R          R.PURSUIT 14+AXM 110 TPI2,,425,1150,3,7104132332,9999,9999
24474,SKI.R          R.PURSUIT 14+AXM 110 TPI2,,425,1150,3,7104132332,9999,9999
24475,SKI.R          R.PURSUIT 14+AXM 110 TPI2,,425,1150,3,7104132332,9999,9999
24476,SKI.R          R.PURSUIT 13 XEL+XEL 110,,360,980,3,7104132342,9999,9999
24477,SKI.R          R.PURSUIT 13 XEL+XEL 110,,360,980,3,7104132342,9999,9999
24478,SKI.R          R.PURSUIT 13 XEL+XEL 110,,360,980,3,7104132342,9999,9999
24479,SKI.R          R.PURSUIT 12 XEL+XEL 110,,333,900,3,7104132352,9999,9999
24480,SKI.R          R.PURSUIT 12 XEL+XEL 110,,333,900,3,7104132352,9999,9999
24481,SKI.R          R.PURSUIT 12 XEL+XEL 110,,333,900,3,7104132352,9999,9999
24482,SKI.R          R.PURSUIT 11 XEL+XEL 100,,275,750,3,7104132362,9999,9999
24483,SKI.R          R.PURSUIT 11 XEL+XEL 100,,275,750,3,7104132362,9999,9999
24484,SKI.R          R.PURSUIT 11 XEL+XEL 100,,275,750,3,7104132362,9999,9999
24485,SKI.R          R.ATTRAXION WXEL+XEL SAPH,,275,750,3,7104132371,9999,9999
24486,SKI.R          R.ATTRAXION WXEL+XEL SAPH,,275,750,3,7104132371,9999,9999
24487,SKI.R          R.ATTRAXION WXEL+XEL SAPH,,275,750,3,7104132372,9999,9999
24488,SKI.R          R.ATTRAXION 1S XEL+XEL SA,,360,980,3,7104132382,9999,9999
24489,SKI.R          R.ATTRAXION 1S XEL+XEL SA,,360,980,3,7104132381,9999,9999
24490,SKI.R          R.ALIAS 76 CAXEL+XEL 110,,362,980,3,7104132392,9999,9999
24491,SKI.R          R.ALIAS 76 CAXEL+XEL 110,,362,980,3,7104132392,9999,9999
24492,SKI.R          R.ALIAS 74 COXEL+XEL 100,,333,900,3,7104132402,9999,9999
24493,SKI.R          R.ALIAS 74 COXEL+XEL 100,,333,900,3,7104132402,9999,9999
24494,SKI.R          R.ALIAS 74 COXEL+XEL 100,,333,900,3,7104132401,9999,9999
24495,SKI.R          R.TEMPTATION 78+XEL SAPH,,425,1150,3,7104132412,9999,9999
24496,SKI.R          R.TEMPTATION 74+XEL SAPH,,333,900,3,7104132421,9999,9999
24497,SKI.R          R.TEMPTATION 74+XEL SAPH,,333,900,3,7104132422,9999,9999
24498,SKI.R          R.TRIXIE JIB+SAPH 110,,333,900,3,7104132432,9999,9999
24499,SKI.R          R.Z 2 ZIP + ZIP 100,,364,990,3,7104132442,9999,9999
24500,SKI.R          R.BDT-DC95+AXM 110 TPI2,,575,1550,3,7104132302,9999,9999
24501,SKI.R          ROSSIGNOL EXPERIENCE74 RT,,270,730,3,7104132441,9999,9999
24502,SKI.R          ROSSIGNOL EXPERIENCE74 RT,,270,730,3,7104132442,9999,9999
24503,SKI.R          ROSSIGNOL EXPERIENCE74 RT,,270,730,3,7104132442,9999,9999
24504,SKI.R          R.EXPERIENCE 88+AXM 120,,590,1600,3,7102132042,9999,9999
24505,SKI.R          R.ZS COMPOSITE+ZIP 100,,260,700,3,7104132501,9999,9999
24506,SKI.R          R.ZS COMPOSITE+ZIP 100,,260,700,3,7104132502,9999,9999
24507,SKI.R          R.ATTRAX.6 ECHO+SAPH 110,,425,1150,3,7101131911,9999,9999
24508,SKI.R          R.ATTRAX.3 ECHO+SAPH 110,,425,1150,3,7101131922,9999,9999
24509,SKI.R          R.ATTRAXION LIGH+SAPH100,,218,650,3,7102132111,9999,9999
24510,SKI.R          R.ALIAZ ZIP + ZIP 100,,257,750,3,7102132122,9999,9999
24511,SKI.R          R.TEMPT.LIGHT+ZIP SAPHIR,,257,750,3,7102132152,9999,9999
24512,SKI.R          R.ZS COMPOSITE+ZIP 100,,260,700,3,7104132502,9999,9999
24513,BOTA HIKING J  HUSH PUPPIES ICE,,268.1,595,1,6042537325,9999,9999
24514,BOTA HIKING J  HUSH PUPPIES ICE,,268.1,595,1,6042537326,9999,9999
24515,BOTA HIKING J  HUSH PUPPIES ICE,,268.1,595,1,6042537327,9999,9999
24516,BOTA HIKING J  HUSH PUPPIES ICE,,268.1,595,1,6042537328,9999,9999
24517,BOTA HIKING J  HUSH PUPPIES ICE,,268.1,595,1,6042537329,9999,9999
24518,BOTA HIKING J  HUSH PUPPIES ICE,,268.1,595,1,6042537330,9999,9999
24519,BOTA HIKING J  HUSH PUPPIES ICE,,268.1,595,1,6042537331,9999,9999
24520,BOTA HIKING J  HUSH PUPPIES ICE,,268.1,595,1,6042537332,9999,9999
24521,BOTA HIKING J  HUSH PUPPIES ICE,,268.1,595,1,6042537333,9999,9999
24522,BOTA HIKING J  HUSH PUPPIES ICE,,268.1,595,1,6042537334,9999,9999
24523,BOTA.R         ROSSIGNOL EXALT X RTL,,155,450,3,6101313625,9999,9999
24524,BOTA.R         ROSSIGNOL EXALT X RTL,,155,450,3,6101313626,9999,9999
24525,SNOW.R         ROSSIGNOL TEMTATION AMTEK,,188,510,3,7104130831,9999,9999
24526,SNOW.R         ROSSIGNOL TEMTATION AMTEK,,188,510,3,7104130831,9999,9999
24527,SNOW.R         ROSSIGNOL TEMTATION AMTEK,,188,510,3,7104130832,9999,9999
24528,SNOW.R         ROSSIGNOL CIRCUIT AMTEK,,188,510,3,7102132201,9999,9999
24529,SNOW.R         ROSSIGNOL CIRCUIT AMTEK,,188,510,3,7102132202,9999,9999
24530,SNOW.R         ROSSIGNOL CIRCUIT AMTEK,,188,510,3,7102132202,9999,9999
24531,SNOW.R         ROSSIGNOL CIRCUIT AMTEK,,188,510,3,7102132202,9999,9999
24532,SNOW.R         ROSSIGNOL CIRCUIT AMTEK,,188,510,3,7102132202,9999,9999
24533,SNOW.R         ROSSIGNOL CIRCUIT AMTEK,,188,510,3,7102132202,9999,9999
24534,ANTIPARRA      ROSSIGNOL RG1,,65,180,3,013413022ROSS,9999,9999
24535,ANTIPARRA      ROSSIGNOL RAFFISH 2,,30,85,3,013413023ROSS,9999,9999
24536,BOTA HIKING A  TIMBERL CANARD BOOTS,,1146.67,2395,1,0604017116.5.,9999,9999
24537,BOTA HIKING A  TIMBERL CANARD BOOTS,,1146.67,2395,1,0604017117.0.,9999,9999
24538,BOTA HIKING A  TIMBERL CANARD BOOTS,,1146.67,2395,1,0604017117.5.,9999,9999
24539,BOTA HIKING A  TIMBERL CANARD BOOTS,,1146.67,2395,1,0604017118.0.,9999,9999
24540,BOTA HIKING A  TIMBERL CANARD BOOTS,,1146.67,2395,1,0604017118.5.,9999,9999
24541,BOTA HIKING A  TIMBERL CANARD BOOTS,,1146.67,2395,1,0604017119.0.,9999,9999
24542,BOTA HIKING A  TIMBERL CANARD BOOTS,,1146.67,2395,1,0604017119.5.,9999,9999
24543,BOTA HIKING B  TIMBERL TILTON MID GTX,,1042.86,2190,1,0604017518.5.,9999,9999
24544,BOTA HIKING B  TIMBERL TILTON MID GTX,,1042.86,2190,1,0604017519.0.,9999,9999
24545,BOTA HIKING B  TIMBERL TILTON MID GTX,,1042.86,2190,1,0604017519.5.,9999,9999
24546,BOTA HIKING B  TIMBERL TILTON MID GTX,,1042.86,2190,1,6040175110,9999,9999
24547,BOTA HIKING B  TIMBERL TILTON MID GTX,,1042.86,2190,1,6040175111,9999,9999
24548,BOTA HIKING B  TIMBERL TILTON MID GTX,,1042.86,2190,1,6040175111,9999,9999
24549,BOTA HIKING B  TIMBERL TILTON MID GTX,,1042.86,2190,1,6040175112,9999,9999
24550,BOTA HIKING B  TIMBERL TILTON MID GTX,,1042.86,2190,1,6040175112,9999,9999
24551,BOTA HIKING J  HUSH PUPPIES RIGGS,,295.5,795,1,6032537227,9999,9999
24552,ANTEOJOS       RUSTY THE MAKER POLAR.,,336,820,1,012404121MAKP,9999,9999
24553,BOTA HIKING B  TIMBERL TILTON LOW GTX,,904.76,1895,1,0604017527.0.,9999,9999
24554,BOTA HIKING B  TIMBERL TILTON LOW GTX,,904.76,1895,1,0604017527.5.,9999,9999
24555,BOTA HIKING B  TIMBERL TILTON LOW GTX,,904.76,1895,1,0604017528.0.,9999,9999
24556,BOTA HIKING B  TIMBERL TILTON LOW GTX,,904.76,1895,1,0604017528.5.,9999,9999
24557,BOTA HIKING B  TIMBERL TILTON LOW GTX,,904.76,1895,1,0604017529.0.,9999,9999
24558,BOTA HIKING B  TIMBERL TILTON LOW GTX,,904.76,1895,1,0604017529.5.,9999,9999
24559,BOTA HIKING B  TIMBERL TILTON LOW GTX,,904.76,1895,1,6040175210,9999,9999
24560,BOTA HIKING B  TIMBERL TILTON LOW GTX,,904.76,1895,1,6040175211,9999,9999
24561,BOTA HIKING B  TIMBERL TILTON LOW GTX,,904.76,1895,1,6040175211,9999,9999
24562,BOTA HIKING B  TIMBERL TILTON LOW GTX,,904.76,1895,1,6040175212,9999,9999
24563,PPANTALON  TA  TRESPASS CONNIE,,194,3950,2,615421309M...,9999,9999
24564,PPANTALON  TA  TRESPASS CONNIE,,194,3950,2,615421309L...,9999,9999
24565,CAMPERA    B   TRESPASS NIGEL,,139,0,2,090421361L...,9999,9999
24566,CAMPERA    J   TRESPASS LARNE,,122,2590,2,090421384T.14,9999,9999
24567,CAMPERA    J   TRESPASS LARNE,,122,2590,2,090421384T.12,9999,9999
24568,PPANTALON  TJ  TRESPASS FAGAN Y,,88,1890,2,6.15E+12,9999,9999
24569,CAMPERA    J   DUKE ARAUCARIA,,780,1900,1,090417384T.2.,9999,9999
24570,CAMPERA    J   DUKE ARAUCARIA,,780,1900,1,090417384T.4.,9999,9999
24571,CAMPERA    J   DUKE ARAUCARIA,,780,1900,1,090417384T.6.,9999,9999
24572,CAMPERA    J   DUKE ARAUCARIA,,780,1900,1,090417384T.8.,9999,9999
24573,CAMPERA    J   DUKE ARAUCARIA,,950,1900,1,090417384T.10,9999,9999
24574,CAMPERA    J   DUKE ARAUCARIA,,950,1900,1,090417384T.12,9999,9999
24575,CAMPERA    J   DUKE ARAUCARIA,,950,1900,1,090417384T.14,9999,9999
24576,CAMPERA    J   DUKE ARAUCARIA,,950,1900,1,090417384T.16,9999,9999
24577,CAMPERA    J   DUKE COPAHUE,,780,1900,1,090117382T.2.,9999,9999
24578,CAMPERA    J   DUKE COPAHUE,,780,1900,1,090117382T.4.,9999,9999
24579,CAMPERA    J   DUKE COPAHUE,,780,1900,1,090117382T.6.,9999,9999
24580,CAMPERA    J   DUKE COPAHUE,,780,1900,1,090117382T.8.,9999,9999
24581,CAMPERA    J   DUKE PUELCHE JR. T.16,,1190,2390,1,090117781XL..,9999,9999
24582,CAMPERA    A   DUKE STROBEL,,1690,3390,1,090417308CXS.,9999,9999
24583,CAMPERA    A   DUKE STROBEL,,1690,3390,1,090417308M...,9999,9999
24584,CAMPERA    A   DUKE STROBEL,,1690,3390,1,090417308L...,9999,9999
24585,CAMPERA    A   DUKE STROBEL,,1690,3390,1,090417308XL..,9999,9999
24586,CAMPERA    B   DUKE STROBEL MEN,,1690,3390,1,090417346CXS.,9999,9999
24587,CAMPERA    B   DUKE STROBEL MEN,,1690,3390,1,090417346M...,9999,9999
24588,CAMPERA    B   DUKE STROBEL MEN,,1690,3390,1,090417346L...,9999,9999
24589,CAMPERA    B   DUKE STROBEL MEN,,1690,3390,1,090417346XL..,9999,9999
24590,CAMPERA    B   DUKE TRAFUL,,1450,2900,1,090417347CXS.,9999,9999
24591,CAMPERA    B   DUKE TRAFUL,,1450,2900,1,090417347M...,9999,9999
24592,CAMPERA    B   DUKE TRAFUL,,1450,2900,1,090417347L...,9999,9999
24593,CAMPERA    B   DUKE TRAFUL,,1450,2900,1,090417347XL..,9999,9999
24594,BOTA HIKING A  TIMBERL TILTON MID GTX,,1000,2100,1,0604017126.5.,9999,9999
24595,BOTA HIKING A  TIMBERL TILTON MID GTX,,1000,2100,1,0604017127.0.,9999,9999
24596,BOTA HIKING A  TIMBERL TILTON MID GTX,,1000,2100,1,0604017127.5.,9999,9999
24597,BOTA HIKING A  TIMBERL TILTON MID GTX,,1000,2100,1,0604017128.0.,9999,9999
24598,BOTA HIKING A  TIMBERL TILTON MID GTX,,1000,2100,1,0604017128.5.,9999,9999
24599,BOTA HIKING A  TIMBERL TILTON MID GTX,,1000,2100,1,0604017129.0.,9999,9999
24600,BOTA HIKING B  TIMBERL CHOCORUA GTX,,1042.86,2190,1,6010174313,9999,9999
24601,SKI.R          R.STORM + AXM 110 XL,,351,950,3,7103132232,9999,9999
24602,SKI.R          R.EX.PRECISION+AXM 110,,362,980,3,7104132452,9999,9999
24603,SKI.R          R.EX.PRECISION+AXL 120,,425,1150,3,7104132462,9999,9999
24604,SKI.R          R.EX.PRECISION+AXL 120,,425,1150,3,7104132462,9999,9999
24605,SKI.R          R.PURSUIT 14 LTD+AXL 120,,455,1230,3,7104132472,9999,9999
24606,SKI.R          R.TEMPTATION LTD+XEL SAPH,,333,900,3,7104132481,9999,9999
24607,SKI.RJ         R.PRINCESS+XEL KD SAPH 45,,148,400,3,7104132491,9999,9999
24608,SKI.RJ         R.FUN GIRL+XEL SAPH 70,,165,450,3,7104132501,9999,9999
24609,SKI.R          ROSSIGNOL TEMPTATION 78,,300,810,3,7104132511,9999,9999
24610,SKI.RJ         ROSSIGNOL PRINCESS,,70,190,3,7104132521,9999,9999
24611,FIJACION   RA  ROSSIGNOL FREESKI 140 XXL,,166,450,3,190413131ROSS,9999,9999
24612,FIJACION   RA  ROSSIGNOL FREESKI 120 XXL,,150,405,3,190413132ROSS,9999,9999
24613,CASCO          ROSSIGNOL EXPERIENCE 7,,92,220,3,1.12E+12,9999,9999
24614,CASCO          ROSSIGNOL PURSUIT 18,,92,250,3,1.12E+12,9999,9999
24615,CASCO          ROSSIGNOL PURSUIT 14,,80,220,3,1.12E+12,9999,9999
24616,CASCO          ROSSIGNOL JIB S7,,92,250,3,1.12E+12,9999,9999
24617,CASCO          ROSSIGNOL JIB S7,,92,250,3,1.12E+12,9999,9999
24618,BOTA HIKING A  MERREL SNOWBOUND,,761.9,1595,1,0604252056.5.,9999,9999
24619,BOTA HIKING A  MERREL SNOWBOUND,,761.9,1595,1,0604252057.0.,9999,9999
24620,BOTA HIKING A  MERREL SNOWBOUND,,761.9,1595,1,0604252057.5.,9999,9999
24621,BOTA HIKING A  MERREL SNOWBOUND,,761.9,1595,1,0604252058.0.,9999,9999
24622,BOTA HIKING A  MERREL SNOWBOUND,,761.9,1595,1,0604252058.5.,9999,9999
24623,BOTA HIKING A  MERREL SNOWBOUND,,761.9,1595,1,0604252059.0.,9999,9999
24624,SKI.R          ROSSIGNOL FLASH IRS,,170,460,3,7104132531,9999,9999
24625,SKI.R          ROSSIGNOL FLASH IRS,,170,460,3,7104132532,9999,9999
24626,SKI.R          R.ALIAS 76 CAXEL+XEL 110,,362,980,3,7104132391,9999,9999
24627,CAMPERA    B   TRESPASS BRANO,,130,2890,2,090421362CXS.,9999,9999
24628,CAMPERA    B   TRESPASS BRANO,,130,2890,2,090421362M...,9999,9999
24629,CAMPERA    B   TRESPASS BRANO,,130,2890,2,090421362L...,9999,9999
24630,CAMPERA    B   TRESPASS BRANO,,130,2890,2,090421362XL..,9999,9999
24631,BUFANDA        LANA BENKA,,35,70,1,023400930BENK,9999,9999
24632,CAMPERA    A   MAMMUT CONVEY LADY,,1024.67,3650,1,090423702BXS.,9999,9999
24633,CAMPERA    A   MAMMUT CONVEY LADY,,1024.67,3650,1,090423702CXS.,9999,9999
24634,CAMPERA    A   MAMMUT CONVEY LADY,,1024.67,3650,1,090423702M...,9999,9999
24635,CAMPERA    A   MAMMUT CONVEY LADY,,1024.67,3650,1,090423702L...,9999,9999
24636,CAMPERA    A   MAMMUT CONVEY LADY,,1024.67,3650,1,090423702XL..,9999,9999
24637,PPANTALON  TB  MAMMUT HIGHLAND,,598.26,1895,1,615423743XL..,9999,9999
24638,CAMPERA    A   MAMMUT LIGHT BC LADY,,697,2495,1,090423703M...,9999,9999
24639,CAMPERA    A   MAMMUT LIGHT BC LADY,,697,2495,1,090423703L...,9999,9999
24640,CAMPERA    B   MAMMUT LONGSPEAK,,1347,3650,1,090423745CXS.,9999,9999
24641,CAMPERA    B   MAMMUT LONGSPEAK,,1347,3650,1,090423745M...,9999,9999
24642,CAMPERA    B   MAMMUT LONGSPEAK,,1347,3650,1,090423745L...,9999,9999
24643,CAMPERA    B   MAMMUT LONGSPEAK,,1347,3650,1,090423745XL..,9999,9999
24644,CAMPERA    B   MAMMUT MAKALU,,1398,3195,1,090423746CXS.,9999,9999
24645,CAMPERA    B   MAMMUT MAKALU,,1398,3195,1,090423746M...,9999,9999
24646,CAMPERA    B   MAMMUT MAKALU,,1398,3195,1,090423746L...,9999,9999
24647,CAMPERA    B   MAMMUT MAKALU,,1398,3195,1,090423746XL..,9999,9999
24648,CAMPERA    B   MAMMUT PULSE,,673.79,1895,1,090423747CXS.,9999,9999
24649,CAMPERA    B   MAMMUT PULSE,,673.79,1895,1,090423747M...,9999,9999
24650,CAMPERA    B   MAMMUT PULSE,,673.79,1895,1,090423747L...,9999,9999
24651,CAMPERA    B   MAMMUT PULSE,,673.79,1895,1,090423747XL..,9999,9999
24652,PPANTALON  TB  MAMMUT PULSE,,594,1895,1,615423745T.48,9999,9999
24653,PPANTALON  TB  MAMMUT PULSE,,594,1895,1,615423745T.50,9999,9999
24654,PPANTALON  TB  MAMMUT PULSE,,594,1895,1,615423745T.52,9999,9999
24655,PPANTALON  TA  MAMMUT PULSE LADY,,579,1895,1,615423701T.34,9999,9999
24656,PPANTALON  TA  MAMMUT PULSE LADY,,579,1895,1,615423701T.36,9999,9999
24657,PPANTALON  TA  MAMMUT PULSE LADY,,579,1895,1,615423701T.38,9999,9999
24658,PPANTALON  TA  MAMMUT PULSE LADY,,579,1895,1,615423701T.40,9999,9999
24659,PPANTALON  TA  MAMMUT PULSE LADY,,579,1895,1,615423701T.42,9999,9999
24660,CAMPERA    A   MAMMUT SHANA LADY,,1217.7,2495,1,090423704BXS,9999,9999
24661,CAMPERA    A   MAMMUT SHANA LADY,,1217.7,2495,1,090423704CXS.,9999,9999
24662,CAMPERA    A   MAMMUT SHANA LADY,,1217.7,2495,1,090423704M...,9999,9999
24663,CAMPERA    A   MAMMUT SHANA LADY,,1217.7,2495,1,090423704L...,9999,9999
24664,CAMPERA    A   MAMMUT STRATUS HYBRID LAD,,829.84,1895,1,090423705CXS.,9999,9999
24665,CAMPERA    A   MAMMUT STRATUS HYBRID LAD,,829.84,1895,1,090423705M...,9999,9999
24666,CAMPERA    A   MAMMUT STRATUS HYBRID LAD,,829.84,1895,1,090423705L...,9999,9999
24667,CAMPERA    A   MAMMUT STRATUS HYBRID LAD,,829.84,1895,1,090423705XL..,9999,9999
24668,CAMPERA    A   MAMMUT SHANA LADY,,1217.7,2495,1,090423704BXS.,9999,9999
24669,CALZA      A   N.NET/CROSS SUPLEX,,172.5,345,1,082209506M...,9999,9999
24670,CALZA      A   N.NET/CROSS SUPLEX,,172.5,345,1,082209506L...,9999,9999
24671,CALZA      A   N.NET/CROSS SUPLEX,,172.5,345,1,082209506XL..,9999,9999
24672,BOTA.R         ROSSIGNOL EXALT X RTL,,155,450,3,6101313625,9999,9999
24673,BOTA.R         ROSSIGNOL OPEN RTL,,127,370,3,6171303025,9999,9999
24674,BOTA.R         ROSSIGNOL OPEN RTL,,127,370,3,6171303026,9999,9999
24675,SKI.R          R.EXPERIENCE 83+AXM 120,,520,1350,3,7102132052,9999,9999
24676,CAMISETA   JC  N.NET C/CAPUCHA,,58,195,1,088409577T.1.,9999,9999
24677,CAMISETA   JC  N.NET C/CAPUCHA,,58,195,1,088409577T.2.,9999,9999
24678,CAMISETA   JC  N.NET C/CAPUCHA,,58,195,1,088409577T.4.,9999,9999
24679,CAMISETA   JC  N.NET C/CAPUCHA,,58,195,1,088409577T.6.,9999,9999
24680,CAMISETA   JC  N.NET C/CAPUCHA,,58,195,1,088409577T.8.,9999,9999
24681,BUZO       A   N.NET GRIS C/CIERRE LADY,,95,350,1,070409501CXS.,9999,9999
24682,BUZO       A   N.NET GRIS C/CIERRE LADY,,95,350,1,070409501M...,9999,9999
24683,BUZO       A   N.NET GRIS C/CIERRE LADY,,95,350,1,070409501L...,9999,9999
24684,BUZO       B   N.NET GRIS C/CIERRE MEN,,95,350,1,070409546CXS.,9999,9999
24685,BUZO       B   N.NET GRIS C/CIERRE MEN,,95,350,1,070409546M...,9999,9999
24686,BUZO       B   N.NET GRIS C/CIERRE MEN,,95,350,1,070409546L...,9999,9999
24687,BUZO       B   N.NET GRIS C/CIERRE MEN,,95,350,1,070409546XL..,9999,9999
24688,BUZO       J   N.NET GRIS S/CIERRE JR.,,74,290,1,070409576T.4.,9999,9999
24689,BUZO       J   N.NET GRIS S/CIERRE JR.,,74,290,1,070409576T.6.,9999,9999
24690,BUZO       J   N.NET GRIS S/CIERRE JR.,,74,290,1,070409576T.8.,9999,9999
24691,BUZO       J   N.NET GRIS S/CIERRE JR.,,74,290,1,070409576T.10,9999,9999
24692,BUZO       J   N.NET GRIS S/CIERRE JR.,,74,290,1,070409576T.12,9999,9999
24693,BUZO       J   N.NET GRIS S/CIERRE JR.,,74,290,1,070409576T.14,9999,9999
24694,PPANTALON  TA  CROSS SOFT,,350,1080,1,615409501CXS.,9999,9999
24695,PPANTALON  TA  CROSS SOFT,,350,1080,1,615409501M...,9999,9999
24696,PPANTALON  TA  CROSS SOFT,,350,1080,1,615409501L...,9999,9999
24697,PPANTALON  TA  CROSS SOFT,,350,1080,1,615409501XL..,9999,9999
24698,PPANTALON  TA  CROSS SOFT,,350,1080,1,615409501BXS.,9999,9999
24699,CUELLOS        N.NET MULTIFUNCION,,0,98,1,160409501N.N.,9999,9999
24700,CAMPERA    J   BANDIT SLALOM,,375,1100,1,090419677T.6.,9999,9999
24701,CAMPERA    J   BANDIT SLALOM,,375,1100,1,090419677T.8.,9999,9999
24702,CAMPERA    J   BANDIT SLALOM,,375,1100,1,090419677T.10,9999,9999
24703,CAMPERA    J   BANDIT SLALOM,,375,1100,1,090419677T.12,9999,9999
24704,CAMPERA    J   BANDIT SLALOM,,375,1100,1,090419677T.14,9999,9999
24705,CAMPERA    J   BANDIT NORTH SOFT,,295,795,1,090419676T.6.,9999,9999
24706,CAMPERA    J   BANDIT NORTH SOFT,,295,795,1,090419676T.8.,9999,9999
24707,CAMPERA    J   BANDIT NORTH SOFT,,295,795,1,090419676T.10,9999,9999
24708,CAMPERA    J   BANDIT NORTH SOFT,,295,795,1,090419676T.12,9999,9999
24709,CAMPERA    J   BANDIT NORTH SOFT,,295,795,1,090419676T.14,9999,9999
24710,CAMPERA    J   BANDIT RACE,,355,995,1,090419678T.4.,9999,9999
24711,CAMPERA    J   BANDIT RACE,,355,995,1,090419678T.6.,9999,9999
24712,CAMPERA    J   BANDIT RACE,,355,995,1,090419678T.8.,9999,9999
24713,CAMPERA    J   BANDIT RACE,,355,995,1,090419678T.10,9999,9999
24714,CAMPERA    J   BANDIT RACE,,355,995,1,090419678T.12,9999,9999
24715,GUANTES    PC  BANDIT SOFT MEN,,90,295,1,250419645BAND,9999,9999
24716,GUANTES    PC  BANDIT SOFT LADY,,90,295,1,250419601BAND,9999,9999
24717,GUMANOPLA  J   BANDIT,,60,195,1,250419676CXS.,9999,9999
24718,GUMANOPLA  J   BANDIT,,60,195,1,250419676M...,9999,9999
24719,GUMANOPLA  J   BANDIT,,60,195,1,250419676L...,9999,9999
24720,PPANTALON  TJ  BANDIT SKI JR.,,275,790,1,615419676T.6.,9999,9999
24721,PPANTALON  TJ  BANDIT SKI JR.,,275,790,1,615419676T.8.,9999,9999
24722,PPANTALON  TJ  BANDIT SKI JR.,,275,790,1,615419676T.10,9999,9999
24723,PPANTALON  TJ  BANDIT SKI JR.,,275,790,1,615419676T.12,9999,9999
24724,PPANTALON  TJ  BANDIT SKI JR.,,275,790,1,615419676T.14,9999,9999
24725,BOTA.R         ROSSIGNOL KIARA SENSOR 50,,148,400,3,6141318824,9999,9999
24726,BOTA.R         ROSSIGNOL RAD.SEN.100,,255,690,3,6141318924,9999,9999
24727,BOTA.R         ROSSIGNOL RAD.SEN.100,,255,690,3,6141318925,9999,9999
24728,BOTA.R         ROSSIGNOL RAD.SEN.100,,255,690,3,6141318925,9999,9999
24729,BOTA.R         ROSSIGNOL RAD.SEN.100,,255,690,3,6141318926,9999,9999
24730,BOTA.R         ROSSIGNOL RAD.SEN.100,,255,690,3,6141318926,9999,9999
24731,BOTA.R         ROSSIGNOL RAD.SEN.100,,255,690,3,6141318927,9999,9999
24732,BOTA.R         ROSSIGNOL RAD.SEN.100,,255,690,3,6141318927,9999,9999
24733,BOTA.R         ROSSIGNOL RAD.SEN.100,,255,690,3,6141318931,9999,9999
24734,BOTA.R         ROSSIGNOL RAD.SEN.100,,255,690,3,6141318931,9999,9999
24735,BOTA.R         ROSSIGNOL EXPERIENCE 120,,277,750,3,6141319026,9999,9999
24736,BOTA.R         ROSSIGNOL EXPERIENCE 120,,277,750,3,6141319027,9999,9999
24737,BOTA.R         ROSSIGNOL EXPERIENCE 120,,277,750,3,6141319028,9999,9999
24738,BOTA.R         ROSSIGNOL EXPERIENCE 120,,277,750,3,6141319029,9999,9999
24739,BOTA.R         ROSSIGNOL EXPERIENCE 120,,277,750,3,6141319029,9999,9999
24740,BOTA.R         ROSSIGNOL EXPERIENCE 120,,277,750,3,6141319030,9999,9999
24741,BOTA.R         ROSSIGNOL EXPERIENCE 120,,277,750,3,6141319030,9999,9999
24742,BOTA.R         ROSSIGNOL EXPERIENCE 120,,277,750,3,6141319031,9999,9999
24743,BOTA.R         ROSSIGNOL EXPERIENCE 120,,277,750,3,6141319031,9999,9999
24744,BOTA.R         ROSSIGNOL EXPERIENCE 120,,277,750,3,6141319032,9999,9999
24745,BOTA.R         ROSSIGNOL ZENITH PRO 120,,277,750,3,6141319126,9999,9999
24746,BOTA.R         ROSSIGNOL ZENITH PRO 120,,277,750,3,6141319127,9999,9999
24747,BOTA.R         ROSSIGNOL PURSUIT 110,,265,720,3,6141319230,9999,9999
24748,BOTA.R         ROSSIGNOL PURSUIT 110,,265,720,3,6141319225,9999,9999
24749,BOTA.R         ROSSIGNOL PURSUIT 110,,265,720,3,6141319230,9999,9999
24750,BOTA.R         ROSSIGNOL PURSUIT 110,,265,720,3,6141319231,9999,9999
24751,BOTA.R         ROSSIGNOL TMX 120,,215,590,3,6141319327,9999,9999
24752,BOTA.R         ROSSIGNOL TMX 120,,215,590,3,6141319328,9999,9999
24753,BOTA.R         ROSSIGNOL TMX 120,,215,590,3,6141319328,9999,9999
24754,BOTA.R         ROSSIGNOL TMX 120,,215,590,3,6141319329,9999,9999
24755,BOTA.R         ROSSIGNOL TMX 120,,215,590,3,6141319329,9999,9999
24756,BOTA.R         ROSSIGNOL TMX 120,,215,590,3,6141319330,9999,9999
24757,BOTA.R         ROSSIGNOL TMX 120,,215,590,3,6141319330,9999,9999
24758,BOTA.R         ROSSIGNOL EVO 100,,203,550,3,6141319428,9999,9999
24759,BOTA.R         ROSSIGNOL KIARA 70,,160,450,3,6141319525,9999,9999
24760,CAMPERA    B   DUKE CALAFATE MEN,,1175,2350,1,090417349CXS.,9999,9999
24761,CAMPERA    B   DUKE CALAFATE MEN,,1175,2350,1,090417349M...,9999,9999
24762,CAMPERA    B   DUKE CALAFATE MEN,,1175,2350,1,090417349L...,9999,9999
24763,CAMPERA    B   DUKE CALAFATE MEN,,1175,2350,1,090417349XL..,9999,9999
24764,BOTA LLUVIA A  GUMI,,192,395,1,6.04E+11,9999,9999
24765,BOTA LLUVIA A  GUMI,,192,395,1,06040096037..,9999,9999
24766,BOTA LLUVIA A  GUMI,,192,395,1,06040096038..,9999,9999
24767,BOTA LLUVIA A  GUMI,,192,395,1,6.04E+11,9999,9999
24768,BOTA.R         ROSSIGNOL RAD.SEN.3 110,,246,750,3,6111315329,9999,9999
24769,BOTA.R         ROSSIGNOL SYNERGY SEN.110,,242,720,3,6121308231,9999,9999
24770,BOTA LLUVIA A  GUMI MEDIA INTERIOR,,80,160,1,060400961CXS.,9999,9999
24771,BOTA LLUVIA A  GUMI MEDIA INTERIOR,,80,160,1,060400961M...,9999,9999
24772,BOTA LLUVIA A  GUMI MEDIA INTERIOR,,80,160,1,060400961L...,9999,9999
24773,BOTA LLUVIA A  GUMI MEDIA INTERIOR,,80,160,1,060400961XL..,9999,9999
24774,GORROS     I   BANDIT CHAMBERROS,,90,295,1,235419601BAND,9999,9999
24775,BOTA.R         ROSSIGNOL RAD.SEN.3 110,,246,750,3,6111315327,9999,9999
24776,SKI.R          R.9SL + AXM 120 TPI2,,666,1800,3,7104132542,9999,9999
24777,SKI.R          R.9SL + AXM 120 TPI2,,666,1800,3,7104132542,9999,9999
24778,SKI.R          R.9SL + AXM 120 TPI2,,666,1800,3,7104132542,9999,9999
24779,BOTA HIKING B  LCS HIMALAYA,,391.33,820,1,6042614640,9999,9999
24780,BOTA HIKING B  LCS HIMALAYA,,391.33,820,1,6042614641,9999,9999
24781,BOTA HIKING B  LCS HIMALAYA,,391.33,820,1,6042614642,9999,9999
24782,BOTA HIKING B  LCS HIMALAYA,,391.33,820,1,6042614643,9999,9999
24783,BOTA HIKING B  LCS HIMALAYA,,391.33,820,1,6042614644,9999,9999
24784,BOTA HIKING B  LCS HIMALAYA,,391.33,820,1,6042614645,9999,9999
24785,BOTA HIKING A  LCS EXPLOIRE,,363.34,770,1,6042610135,9999,9999
24786,BOTA HIKING A  LCS EXPLOIRE,,363.34,770,1,6042610136,9999,9999
24787,BOTA HIKING A  LCS EXPLOIRE,,363.34,770,1,6042610137,9999,9999
24788,BOTA HIKING A  LCS EXPLOIRE,,363.34,770,1,6042610138,9999,9999
24789,BOTA HIKING A  LCS EXPLOIRE,,363.34,770,1,6042610139,9999,9999
24790,BOTA HIKING A  LCS EXPLOIRE,,363.34,770,1,6042610140,9999,9999
24791,ANTEOJOS       RUSTY CASINO,,290,720,1,012404122CASI,9999,9999
24792,BOTA HIKING B  TIMBERL FLUME MID WP,,928.57,1950,1,0604017497.5.,9999,9999
24793,BOTA HIKING B  TIMBERL FLUME MID WP,,928.57,1950,1,6040174912,9999,9999
24794,BOTA HIKING B  TIMBERL FLUME MID WP,,928.57,1950,1,6040174913,9999,9999
24795,BOTA HIKING B  TIMBERL FLUME MID WP,,928.57,1950,1,6040174912,9999,9999
24796,BOTA HIKING A  TIMBERL FLUME MID WP,,833.33,1750,1,0605017136.0.,9999,9999
24797,BOTA HIKING A  TIMBERL FLUME MID WP,,833.33,1750,1,0605017136.5.,9999,9999
24798,BOTA HIKING A  TIMBERL FLUME MID WP,,833.33,1750,1,0605017137.0.,9999,9999
24799,BOTA HIKING A  TIMBERL FLUME MID WP,,833.33,1750,1,0605017137.5.,9999,9999
24800,BOTA HIKING A  TIMBERL FLUME MID WP,,833.33,1750,1,0605017138.0.,9999,9999
24801,BOTA HIKING A  TIMBERL FLUME MID WP,,833.33,1750,1,0605017138.5.,9999,9999
24802,BOTA HIKING A  TIMBERL FLUME MID WP,,833.33,1750,1,0605017139.0.,9999,9999
24803,BOTA HIKING A  TIMBERL FLUME MID WP,,833.33,1750,1,0605017139.5.,9999,9999
24804,BUZOS CAMPERA  A POWDER POWER FLEX,,390,975,1,071414512BXS.,9999,9999
24805,BUZOS CAMPERA  A POWDER POWER FLEX,,390,975,1,071414512CXS.,9999,9999
24806,BUZOS CAMPERA  A POWDER POWER FLEX,,390,975,1,071414512L...,9999,9999
24807,BUZOS CAMPERA  A POWDER POWER FLEX,,390,975,1,071414512M...,9999,9999
24808,BUZOS CAMPERA  B POWDER POWER FLEX,,440,1100,1,071414540CXS.,9999,9999
24809,BUZOS CAMPERA  B POWDER POWER FLEX,,440,1100,1,071414540L...,9999,9999
24810,BUZOS CAMPERA  B POWDER POWER FLEX,,440,1100,1,071414540M...,9999,9999
24811,BUZOS CAMPERA  B POWDER POWER FLEX,,440,1100,1,071414540XL..,9999,9999
24812,BUZOS CAMPERA  B POWDER POWER FLEX,,440,1100,1,071414540XXL.,9999,9999
24813,CAMPERA    A   DUKE FAGNANO,,1490,2980,1,090317322BXS.,9999,9999
24814,PARLANTE       BOOMBOTIX BOOMBOT 1,,250,55,1,5.76E+12,9999,9999
24815,PARLANTE       BOOMBOTIX BOOMBOT 2,,670,145,1,5.76E+12,9999,9999
24816,PARLANTE       BOOMBOTIX BOOMBOT 2+,,720,160,1,5.76E+12,9999,9999
24817,PARLANTE       BOOMBOTIX BOOMBOT REX,,960,210,1,5.76E+12,9999,9999
24818,PARLANTE       BOOMBOTIX SOPORTE P/BICI,,150,33,1,5.76E+12,9999,9999
24819,PARLANTE       BOOMBOTIX PROTECTOR REX,,70,15,1,5.76E+12,9999,9999
24820,BOTA NEOPRENE  HYDROX LINUX,,230,495,1,060500790BXS.,9999,9999
24821,BOTA NEOPRENE  HYDROX LINUX,,230,495,1,060500790CXS.,9999,9999
24822,BOTA NEOPRENE  HYDROX LINUX,,230,495,1,060500790M...,9999,9999
24823,BOTA NEOPRENE  HYDROX LINUX,,230,495,1,060500790L...,9999,9999
24824,BOTA NEOPRENE  HYDROX LINUX,,230,495,1,060500790XL..,9999,9999
24825,MOCHILA        NATWAY BO 60 LTS,,1353,2980,1,46451211060LT,9999,9999
24826,MOCHILA        NATWAY BO 70 LTS,,1386,3050,1,46451211070LT,9999,9999
24827,SOMBRERO   V   WATERDOG 513,,109,240,1,7.15E+11,9999,9999
24828,SOMBRERO   V   WATERDOG 514,,94,195,1,7.15E+11,9999,9999
24829,LINTERNA       WATERDOG WOL M001,,61,140,1,408512002M001,9999,9999
24830,LINTERNA       WATERDOG WOL M002,,72,160,1,408512003M002,9999,9999
24831,LINTERNA       WATERDOG WOL M003,,56,125,1,408512004M003,9999,9999
24832,LINTERNA       WATERDOG WOL T011,,213,470,1,408512005T011,9999,9999
24833,LINTERNA       WATERDOG WOL T009,,506,1120,1,408512006T009,9999,9999
24834,BINOCULARES    HOKKEN XEON 10X50,,510.14,1120,1,4.25E+11,9999,9999
24835,BINOCULARES    HOKKEN XEON 8X40,,477.22,1050,1,0425083288X40,9999,9999
24836,TERMO          WATERDOG 1.00 LT.C/MANIJA,,382,880,1,7.33E+12,9999,9999
24837,HELADERA       COLEMAN 36 QT C034/C035,,510.36,1295,1,26550190536QT,9999,9999
24838,HELADERA       COLEMAN XTREME 100QT C024,,1507.6,3320,1,265501904100Q,9999,9999
24839,COLCHON        COLEMAN GO 1PAX C522,,224.86,495,1,1295019011PAX,9999,9999
24840,COLCHON        COLEMAN GO 2PAX C524,,371.84,820,1,1295019012PAX,9999,9999
24841,ANTE.NAT.      NGEO NIÑO JR.9325,,81.59,195,1,1.15E+11,9999,9999
24842,SNORKEL        NAT.GEOGRAPHIC TUNA JR.,,201.4,450,1,7.13E+12,9999,9999
24843,SKI DE AGUA    HO PINNACLE COMBO,,2914.32,6395,1,7.12E+12,9999,9999
24844,HELADERA       COLEMAN 16QT C076/C077,,331.57,750,1,26550190616QT,9999,9999
24845,COLCHON        EXPLORER 1 PLAZA,,19.8,44,2,1295150601PAX,9999,9999
24846,COLCHON        EXPLORER 2 PLAZAS,,29.8,66,2,1295150602PAX,9999,9999
24847,MOCHILA        DOITE ETNIA 50 M.16637,,1515.09,3350,1,46451557650LT,9999,9999
24848,COLCHONETA     DOITE DUO WAVY M.8589,,510.36,1120,1,1.34E+12,9999,9999
24849,CONGELANTE     SPINIT 150GR,,3.11,10,1,140508662150G,9999,9999
24850,CONGELANTE     SPINIT 500GR,,6.75,20,1,140508662500G,9999,9999
24851,CANTIMPLORA    SPINIT TERMICA OASIS,,97.98,220,1,0805086651.0L,9999,9999
24852,BANCO          SPINIT S.ETERNA 4P,,144,320,1,036508662SPIN,9999,9999
24853,SILLON         SPINIT S.ETERNA DIRECTOR,,429,950,1,708508665SPIN,9999,9999
24854,SILLA          SPINIT REPOSERA 52105,,425.78,950,1,7075086665POS,9999,9999
24855,RIÑONERA       SPINIT PASSPORT 52126,,89.33,195,1,670508662SPIN,9999,9999
24856,RIÑONERA       SPINIT BASIC 52141,,74.68,170,1,670508663SPIN,9999,9999
24857,BOLSO          SPINIT ESTANCO 25X45 23LT,,147.2,320,1,04650866523LT,9999,9999
24858,BOLSO          SPINIT ESTANCO 25X65 35LT,,179,395,1,04650866535LT,9999,9999
24859,MOCHILA        SPINIT ODISEA,,196.8,440,1,464508674SPIN,9999,9999
24860,MOCHILA        SPINIT LIBERTY,,166.4,380,1,464508675SPIN,9999,9999
24861,BOLSO          SPINIT ESTANCO 27X21,,70.4,160,1,046508663SPIN,9999,9999
24862,BOLSO          SPINIT ESTANCO 17X10,,49.48,120,1,046508662SPIN,9999,9999
24863,TERMO          WATERDOG TA700HB BALA,,318.32,695,1,7.33E+11,9999,9999
24864,PAVA           WATERDOG K 6002-21,,148.64,330,1,5.91E+12,9999,9999
24865,JARROS         WATERDOG LCM 1615 INOX,,257.29,550,1,3.21E+12,9999,9999
24866,BOTELLA        WATERDOG TA450D,,266.86,595,1,063512005450D,9999,9999
24867,JARROS         WATERDOG TA 500BG,,367.98,795,1,3.21E+11,9999,9999
24868,BOLSA DE DORMIR WATERDOG SNAKE 450,,617.55,1395,1,045512055-10.,9999,9999
24869,ACCESORIOS     NITE IZE MONT.P/AUTO MAGN,,409.18,110,1,35224510001,9999,9999
24870,ACCESORIOS     NITE IZE PEDESTAL MAGNET.,,582.76,155,1,35224520002,9999,9999
24871,ACCESORIOS     NITE IZE MONT.MANO MAGNET,,409.48,110,1,35224530003,9999,9999
24872,ACCESORIOS     NITE IZE ORG.CABLE AURIC.,,39.22,10,1,35224540004,9999,9999
24873,ACCESORIOS     NITE IZE BRAZALETE P/IPOD,,324.98,90,1,35224550008,9999,9999
24874,ACCESORIOS     NITE IZE LAPIZ SUMERGIBLE,,140.44,40,1,35224560010,9999,9999
24875,ACCESORIOS     NITE IZE GANCHOS MOLDEAB.,,65.06,17,1,35224570013,9999,9999
24876,ACCESORIOS     NITE IZE CORD.MOLD. 30CM.,,65.06,17,1,35224580018,9999,9999
24877,ACCESORIOS     NITE IZE CORD.MOLD. 45CM.,,70.22,20,1,35224580020,9999,9999
24878,ACCESORIOS     NITE IZE CORD.MOLD. 60CM.,,75.7,23,1,35224580022,9999,9999
24879,ACCESORIOS     NITE IZE CORD.MOLD. 80CM.,,87.56,25,1,35224580023,9999,9999
24880,ACCESORIOS     NITE IZE COR.MOLD X8 UNID,,155.96,45,1,35224590025,9999,9999
24881,ACCESORIOS     NITE IZE MOSQ.TRABA 10LB,,39.22,10,1,35224600026,9999,9999
24882,ACCESORIOS     NITE IZE MOSQ.TRABA 75LB,,51.98,14,1,35224600027,9999,9999
24883,ACCESORIOS     NITE IZE MOSQ.DBL 75LB,,93.64,25,1,35224610028,9999,9999
24884,ACCESORIOS     NITE IZE MOSQ.DBL 100LB,,117.04,30,1,35224610029,9999,9999
24885,ACCESORIOS     NITE IZE LINEA ORG.C/MOSQ,,234.08,63,1,35224620030,9999,9999
24886,ACCESORIOS     NITE IZE SHOT CORD 3MM.,,58.68,15,1,35224630031,9999,9999
24887,ACCESORIOS     NITE IZE MOSQ.X2+360 CABO,,65.06,17,1,35224640033,9999,9999
24888,ACCESORIOS     NITE IZE MOSQ.C/MORD.GRAN,,78.12,23,1,35224650034,9999,9999
24889,ACCESORIOS     NITE IZE SHOT CORD.5MM,,58.68,15,1,35224660035,9999,9999
24890,ACCESORIOS     NITE IZE SHOT CORD.9MM,,117.04,30,1,35224660036,9999,9999
24891,ACCESORIOS     NITE IZE MOSQ.CHICO,,48.04,14,1,35224670037,9999,9999
24892,ACCESORIOS     NITE IZE MOSQ.GRANDE+CABO,,123.42,35,1,35224670038,9999,9999
24893,ACCESORIOS     NITE IZE HERRAMIENTA 6.5C,,58.68,15,1,35224680040,9999,9999
24894,ACCESORIOS     NITE IZE LLAV.MOSQ.6 LLAV,,117.04,30,1,35224690042,9999,9999
24895,ACCESORIOS     NITE IZE LLAV.MOSQ.DOBLE,,46.82,14,1,35224700044,9999,9999
24896,CARPA          COLEMAN EXPEDITION 2,,844.9,2195,1,1055019072PAX,9999,9999
24897,MOCHILA        NAVAJO CITY,,270,650,1,46450855030LT,9999,9999
